Combination_ID,Combination_Name,Selection_Idx,Crossover_Idx,Mutation_Idx,LocalSearch_Idx,Instance,BKS_Fitness,BKS_Vehicles,BKS_Distance,Best_Fitness,Best_Vehicles,Best_Distance,Is_Feasible,Total_Time,Time_To_Best,Num_Improvements,Longest_Stagnation
combo_0,Baseline,1,1,1,1,lc101,1160.6,10,829.0,1160.511613719967,10,828.9368669428337,True,60.16538453102112,0.6586523056030273,4,59.506664752960205
combo_0,Baseline,1,1,1,1,lc102,1160.6,10,829.0,1160.511613719967,10,828.9368669428337,True,60.27652311325073,1.371992588043213,6,58.904452085494995
combo_0,Baseline,1,1,1,1,lc103,1407.6,9,1035.0,1159.0105788377905,10,827.8646991698504,True,60.61954617500305,1.2196743488311768,3,59.399795055389404
combo_0,Baseline,1,1,1,1,lc104,1169.6,9,860.0,1146.0399771180332,10,818.5999836557381,True,60.967400789260864,13.85234260559082,12,47.11498665809631
combo_0,Baseline,1,1,1,1,lc105,1160.6,10,829.0,1160.511613719967,10,828.9368669428337,True,60.03401851654053,0.7063424587249756,3,59.32758283615112
combo_0,Baseline,1,1,1,1,lc106,1160.6,10,829.0,1160.511613719967,10,828.9368669428337,True,60.252906799316406,0.8992083072662354,5,59.353620529174805
combo_0,Baseline,1,1,1,1,lc107,1160.6,10,829.0,1160.511613719967,10,828.9368669428337,True,60.39359164237976,1.8833873271942139,4,58.51012468338013
combo_0,Baseline,1,1,1,1,lc108,1156.3999999999999,10,826.0,1157.0148873174505,10,826.4392052267505,True,60.702054023742676,0.9335298538208008,5,59.768441915512085
combo_0,Baseline,1,1,1,1,lc109,1361.36,9,1001.0,1158.943258572759,10,827.8166132662566,True,61.388418674468994,29.102041006088257,6,32.286303997039795
combo_0,Baseline,1,1,1,1,lc201,663.0400000000001,3,592.0,662.5433434720816,3,591.5565566715013,True,60.151243686676025,0.8370411396026611,1,59.31409478187561
combo_0,Baseline,1,1,1,1,lc202,663.0400000000001,3,592.0,662.5433434720816,3,591.5565566715013,True,63.70868968963623,0.7952849864959717,2,62.91335320472717
combo_0,Baseline,1,1,1,1,lc203,661.9200000000001,3,591.0,662.1142559143073,3,591.1734427806314,True,65.37635016441345,1.6694490909576416,5,63.70683979988098
combo_0,Baseline,1,1,1,1,lc204,661.9200000000001,3,591.0,707.2803042787824,3,631.5002716774842,True,62.20355272293091,36.546475648880005,12,25.657012939453125
combo_0,Baseline,1,1,1,1,lc205,659.6800000000001,3,589.0,659.5410781718344,3,588.8759626534236,True,62.469510316848755,1.6604030132293701,3,60.80904221534729
combo_0,Baseline,1,1,1,1,lc206,658.5600000000001,3,588.0,659.1119906140601,3,588.4928487625536,True,65.37358236312866,3.5937845706939697,3,61.779719829559326
combo_0,Baseline,1,1,1,1,lc207,658.5600000000001,3,588.0,658.880679997358,3,588.2863214262125,True,60.35510754585266,2.791990041732788,5,57.5630669593811
combo_0,Baseline,1,1,1,1,lc208,658.5600000000001,3,588.0,658.922656736287,3,588.323800657399,True,60.80038547515869,2.7461225986480713,5,58.054176807403564
combo_0,Baseline,1,1,1,1,lr101,2905.76,19,1651.0,2905.4066616450796,19,1650.7992395710678,True,60.665205240249634,25.106724977493286,6,35.558406829833984
combo_0,Baseline,1,1,1,1,lr102,2499.84,17,1488.0,2499.1183270546653,17,1487.570432770634,True,60.86430287361145,19.561107635498047,6,41.303131341934204
combo_0,Baseline,1,1,1,1,lr103,1965.3600000000001,13,1293.0,1964.8667755364577,13,1292.6755102213538,True,61.06357789039612,21.66854691505432,10,39.39495849609375
combo_0,Baseline,1,1,1,1,lr104,1377.6799999999998,9,1013.0,1476.656313717125,10,1054.7545097979464,True,61.051087617874146,52.54933452606201,11,19.90890908241272
combo_0,Baseline,1,1,1,1,lr105,2148.12,14,1377.0,2148.2931879400417,14,1377.1110179102832,True,61.10069012641907,8.450796127319336,6,52.649829387664795
combo_0,Baseline,1,1,1,1,lr106,1854.44,12,1253.0,1853.8726483175187,12,1252.6166542685937,True,60.50301671028137,19.467779397964478,5,41.035167932510376
combo_0,Baseline,1,1,1,1,lr107,1555.3999999999999,10,1111.0,1555.8384463562165,10,1111.3131759687262,True,60.423577547073364,24.873213291168213,12,35.550286531448364
combo_0,Baseline,1,1,1,1,lr108,1317.84,9,969.0,1317.7937858608357,9,968.9660190153205,True,60.28473973274231,52.73280572891235,18,34.35220980644226
combo_0,Baseline,1,1,1,1,lr109,1740.96,11,1209.0,1831.8156692541033,12,1237.7132900365564,True,60.512996196746826,53.18389296531677,8,24.31591510772705
combo_0,Baseline,1,1,1,1,lr110,1622.6,10,1159.0,1684.8506863313137,11,1170.03519884119,True,60.56037640571594,52.55000352859497,12,13.929901838302612
combo_0,Baseline,1,1,1,1,lr111,1552.6,10,1109.0,1552.4610226152101,10,1108.9007304394358,True,60.24573874473572,21.6567804813385,11,38.58887243270874
combo_0,Baseline,1,1,1,1,lr112,1365.4399999999998,9,1004.0,1365.1231170089493,9,1003.7669978006982,True,60.56551742553711,53.033928632736206,12,31.855759620666504
combo_0,Baseline,1,1,1,1,lr201,1453.4799999999998,4,1253.0,1458.5436676989643,4,1257.3652307749694,True,74.65459728240967,62.499083042144775,8,16.939294576644897
combo_0,Baseline,1,1,1,1,lr202,1341.7600000000002,3,1198.0,1460.1503904596143,4,1258.7503366031158,True,60.09622311592102,50.1596302986145,8,21.53919506072998
combo_0,Baseline,1,1,1,1,lr203,1062.88,3,949.0,1063.3239764151936,3,949.3964075135656,True,63.67321300506592,17.827619791030884,6,45.84552526473999
combo_0,Baseline,1,1,1,1,lr204,916.9200000000001,2,849.0,916.9744565240326,2,849.0504227074375,True,66.73706603050232,53.04539752006531,13,13.691550254821777
combo_0,Baseline,1,1,1,1,lr205,1180.48,3,1054.0,1182.6062200637964,3,1055.8984107712467,True,63.651952505111694,47.88130569458008,8,20.248130798339844
combo_0,Baseline,1,1,1,1,lr206,1043.8400000000001,3,932.0,1043.4204878577468,3,931.6254355872738,True,65.29292106628418,65.29279851913452,8,28.47370147705078
combo_0,Baseline,1,1,1,1,lr207,975.24,2,903.0,1086.1576662491673,3,969.7836305796136,True,66.83611536026001,57.914422273635864,6,24.036783933639526
combo_0,Baseline,1,1,1,1,lr208,793.8000000000001,2,735.0,805.2048899577374,2,745.5600832942011,True,65.01726961135864,42.44256567955017,12,22.574640035629272
combo_0,Baseline,1,1,1,1,lr209,1042.72,3,931.0,1060.5541964553895,3,946.923389692312,True,64.95539474487305,59.578479290008545,12,17.439192533493042
combo_0,Baseline,1,1,1,1,lr210,1079.68,3,964.0,1097.7332400748803,3,980.1189643525715,True,62.11331748962402,55.7876296043396,11,21.860366106033325
combo_0,Baseline,1,1,1,1,lr211,984.96,2,912.0,1041.1073795566815,3,929.5601603184655,True,68.12132978439331,63.653523445129395,13,26.599182605743408
combo_0,Baseline,1,1,1,1,lrc101,2666.04,14,1709.0,2665.730077967255,14,1708.8013320302916,True,60.5457718372345,54.90234398841858,14,15.709663152694702
combo_0,Baseline,1,1,1,1,lrc102,2305.84,12,1558.0,2376.5966922452,13,1563.5504554244735,True,60.00184226036072,35.01445245742798,15,24.9873149394989
combo_0,Baseline,1,1,1,1,lrc103,1812.96,11,1259.0,1812.5814501625084,11,1258.7371181684086,True,60.744444847106934,17.723188161849976,10,43.02116298675537
combo_0,Baseline,1,1,1,1,lrc104,1579.1999999999998,10,1128.0,1579.7616391067781,10,1128.4011707905559,True,60.63775897026062,25.098893404006958,12,35.53880453109741
combo_0,Baseline,1,1,1,1,lrc105,2489.76,13,1638.0,2566.975804622068,14,1645.4973106551718,True,60.98129224777222,43.269185304641724,15,17.71203851699829
combo_0,Baseline,1,1,1,1,lrc106,2052.0,11,1425.0,2189.9418689824115,12,1479.690452015143,True,60.38887691497803,18.113729000091553,5,42.27508091926575
combo_0,Baseline,1,1,1,1,lrc107,1771.2,11,1230.0,1771.4085763352643,11,1230.144844677267,True,60.3977267742157,27.070455312728882,11,33.327197790145874
combo_0,Baseline,1,1,1,1,lrc108,1605.8,10,1147.0,1607.15069929645,10,1147.96478521175,True,60.3253812789917,25.24812412261963,8,35.07715344429016
combo_0,Baseline,1,1,1,1,lrc201,1632.12,4,1407.0,1691.4512808432623,4,1458.1476558993643,True,61.67847728729248,54.49709463119507,12,29.549015760421753
combo_0,Baseline,1,1,1,1,lrc202,1538.88,3,1374.0,1627.416713501223,4,1402.9454426734683,True,61.61902356147766,48.98833155632019,9,27.315943479537964
combo_0,Baseline,1,1,1,1,lrc203,1219.68,3,1089.0,1291.7541079812947,4,1113.5811275700817,True,64.79565119743347,32.56905460357666,11,32.22653388977051
combo_0,Baseline,1,1,1,1,lrc204,917.2800000000001,3,819.0,924.618125849505,3,825.5518980799151,True,66.08631587028503,47.41930818557739,8,18.672468423843384
combo_0,Baseline,1,1,1,1,lrc205,1510.32,4,1302.0,1513.5745236860205,4,1304.805623867259,True,61.827958822250366,34.09103274345398,10,27.736868858337402
combo_0,Baseline,1,1,1,1,lrc206,1298.0800000000002,3,1159.0,1302.4557431475787,3,1162.9069135246236,True,62.863534688949585,57.122270584106445,8,32.13318228721619
combo_0,Baseline,1,1,1,1,lrc207,1189.44,3,1062.0,1192.8354341148226,3,1065.03163760252,True,65.4771375656128,51.980825424194336,12,15.253690004348755
combo_0,Baseline,1,1,1,1,lrc208,955.3600000000001,3,853.0,1060.2823789047025,3,946.6806954506271,True,63.74879240989685,46.272687911987305,9,30.698948621749878
combo_0,Baseline,1,1,1,1,bar-n100-1,990.3529411764706,6,732.0,1041.764705882353,6,770.0,True,61.325664043426514,59.18170976638794,13,17.45932149887085
combo_0,Baseline,1,1,1,1,bar-n100-2,707.8888888888888,5,554.0,762.6666666666666,6,572.0,True,61.95302486419678,10.78123426437378,7,51.17171907424927
combo_0,Baseline,1,1,1,1,bar-n100-3,1009.2941176470589,6,746.0,1075.5882352941178,6,795.0,True,62.71953082084656,52.39986991882324,11,32.23240423202515
combo_0,Baseline,1,1,1,1,bar-n100-4,2070.0,12,1150.0,2146.6666666666665,13,1150.0,True,60.115981340408325,56.82214641571045,17,18.764652967453003
combo_0,Baseline,1,1,1,1,bar-n100-5,1102.6315789473686,6,838.0,1185.0526315789475,7,866.0,True,62.058767318725586,60.994964361190796,11,12.956495523452759
combo_0,Baseline,1,1,1,1,bar-n100-6,935.75,3,788.0,1007.5,4,806.0,True,66.61215019226074,57.62516212463379,10,47.05344486236572
combo_0,Baseline,1,1,1,1,ber-n100-1,3271.7647058823527,13,1854.0,3410.0,14,1870.0,True,60.57872796058655,58.377750396728516,16,12.651468515396118
combo_0,Baseline,1,1,1,1,ber-n100-2,2007.7647058823532,6,1484.0,2094.3529411764707,6,1548.0,True,60.858601570129395,31.669455528259277,14,29.189093351364136
combo_0,Baseline,1,1,1,1,ber-n100-3,814.8571428571428,3,713.0,820.2380952380952,4,689.0,True,60.41668105125427,28.81228494644165,6,31.604333877563477
combo_0,Baseline,1,1,1,1,ber-n100-4,572.0,3,494.0,584.7368421052632,3,505.0,True,69.9313337802887,66.19072794914246,8,42.91733503341675
combo_0,Baseline,1,1,1,1,ber-n100-5,1206.2222222222222,5,944.0,1225.3888888888887,5,959.0,True,62.111764669418335,27.020209789276123,7,35.09148859977722
combo_0,Baseline,1,1,1,1,ber-n100-6,4090.9333333333334,14,2116.0,4246.0,15,2123.0,True,60.65902900695801,47.020923376083374,20,13.638003826141357
combo_0,Baseline,1,1,1,1,ber-n100-7,2647.8947368421054,7,1935.0,2740.9473684210525,7,2003.0,True,60.76903200149536,41.14202427864075,8,19.626935958862305
combo_0,Baseline,1,1,1,1,nyc-n100-1,979.8181818181818,6,634.0,1018.4545454545454,6,659.0,True,60.60381746292114,46.737165451049805,9,18.72198462486267
combo_0,Baseline,1,1,1,1,nyc-n100-2,767.7272727272727,4,563.0,858.1818181818182,5,590.0,True,61.93464255332947,56.90050172805786,15,13.355942010879517
combo_0,Baseline,1,1,1,1,nyc-n100-3,637.0,3,490.0,670.5999999999999,4,479.0,True,63.33104729652405,62.8751380443573,10,31.264137744903564
combo_0,Baseline,1,1,1,1,nyc-n100-4,624.1666666666667,2,535.0,708.75,3,567.0,True,67.15381264686584,40.9496853351593,5,26.204060316085815
combo_0,Baseline,1,1,1,1,nyc-n100-5,790.6363636363636,2,669.0,862.9090909090909,3,678.0,True,68.32315969467163,50.63645267486572,7,26.69318985939026
combo_0,Baseline,1,1,1,1,poa-n100-1,2698.7058823529414,12,1582.0,2872.9411764705883,13,1628.0,True,60.85743451118469,54.27877902984619,18,12.196740627288818
combo_0,Baseline,1,1,1,1,poa-n100-2,2981.8125,15,1539.0,3268.0,16,1634.0,True,60.14513802528381,59.2295777797699,22,11.862067699432373
combo_0,Baseline,1,1,1,1,poa-n100-3,1970.4736842105262,10,1291.0,2065.2631578947367,11,1308.0,True,61.149755001068115,58.83929181098938,15,21.27560567855835
combo_0,Baseline,1,1,1,1,poa-n100-4,2262.0,7,1653.0,2337.2631578947367,9,1586.0,True,61.70610237121582,59.05918335914612,6,42.21704602241516
combo_0,Baseline,1,1,1,1,poa-n100-5,844.2352941176471,6,624.0,851.0,6,629.0,True,61.29973387718201,31.665290355682373,8,29.6343195438385
combo_0,Baseline,1,1,1,1,poa-n100-6,655.6666666666667,3,562.0,683.6666666666667,3,586.0,True,71.65707969665527,38.35030913352966,7,33.30669808387756
combo_0,Baseline,1,1,1,1,poa-n100-7,999.0588235294118,5,772.0,990.3529411764706,6,732.0,True,61.213536739349365,38.0044310092926,8,23.20904302597046
combo_1,No_Mutation,1,1,0,1,lc101,1160.6,10,829.0,1160.511613719967,10,828.9368669428337,True,60.388216972351074,1.0875442028045654,2,59.30058312416077
combo_1,No_Mutation,1,1,0,1,lc102,1160.6,10,829.0,1160.511613719967,10,828.9368669428337,True,60.61633610725403,0.6456146240234375,3,59.9706494808197
combo_1,No_Mutation,1,1,0,1,lc103,1407.6,9,1035.0,1159.0105788377905,10,827.8646991698504,True,60.443716049194336,0.5560750961303711,3,59.8874146938324
combo_1,No_Mutation,1,1,0,1,lc104,1169.6,9,860.0,1146.0399771180334,10,818.5999836557382,True,60.21456289291382,52.28688335418701,8,25.61917543411255
combo_1,No_Mutation,1,1,0,1,lc105,1160.6,10,829.0,1160.511613719967,10,828.9368669428337,True,60.10804843902588,1.8419272899627686,5,58.26606011390686
combo_1,No_Mutation,1,1,0,1,lc106,1160.6,10,829.0,1160.511613719967,10,828.9368669428337,True,60.58009457588196,1.0507495403289795,5,59.52925658226013
combo_1,No_Mutation,1,1,0,1,lc107,1160.6,10,829.0,1160.511613719967,10,828.9368669428337,True,60.44527626037598,1.0823273658752441,4,59.362873554229736
combo_1,No_Mutation,1,1,0,1,lc108,1156.3999999999999,10,826.0,1157.0148873174505,10,826.4392052267505,True,60.86991834640503,1.6076581478118896,5,59.262110233306885
combo_1,No_Mutation,1,1,0,1,lc109,1361.36,9,1001.0,1158.943258572759,10,827.8166132662566,True,60.77148103713989,26.946943283081055,7,33.82442879676819
combo_1,No_Mutation,1,1,0,1,lc201,663.0400000000001,3,592.0,662.5433434720816,3,591.5565566715013,True,64.41259837150574,0.8234603404998779,1,63.58904457092285
combo_1,No_Mutation,1,1,0,1,lc202,663.0400000000001,3,592.0,662.5433434720816,3,591.5565566715013,True,62.74045395851135,1.018172264099121,2,61.722108602523804
combo_1,No_Mutation,1,1,0,1,lc203,661.9200000000001,3,591.0,662.1142559143073,3,591.1734427806314,True,60.105417251586914,5.832722187042236,8,54.27262234687805
combo_1,No_Mutation,1,1,0,1,lc204,661.9200000000001,3,591.0,722.3089231468667,3,644.9186813811309,True,62.750812292099,2.155177354812622,4,60.59555244445801
combo_1,No_Mutation,1,1,0,1,lc205,659.6800000000001,3,589.0,659.5410781718344,3,588.8759626534236,True,63.31111550331116,1.891922950744629,3,61.419126749038696
combo_1,No_Mutation,1,1,0,1,lc206,658.5600000000001,3,588.0,659.1119906140601,3,588.4928487625536,True,63.59757709503174,3.506222724914551,3,60.09128260612488
combo_1,No_Mutation,1,1,0,1,lc207,658.5600000000001,3,588.0,658.880679997358,3,588.2863214262125,True,63.02623414993286,5.215425252914429,4,57.8106791973114
combo_1,No_Mutation,1,1,0,1,lc208,658.5600000000001,3,588.0,658.922656736287,3,588.323800657399,True,60.29205131530762,27.471306562423706,7,32.82067942619324
combo_1,No_Mutation,1,1,0,1,lr101,2905.76,19,1651.0,2905.4066616450796,19,1650.799239571068,True,60.09554672241211,7.655564308166504,4,52.439873933792114
combo_1,No_Mutation,1,1,0,1,lr102,2499.84,17,1488.0,2499.1183270546658,17,1487.5704327706342,True,60.579527378082275,45.930649518966675,10,25.2370662689209
combo_1,No_Mutation,1,1,0,1,lr103,1965.3600000000001,13,1293.0,1964.8667755364584,13,1292.6755102213542,True,60.42254948616028,32.505492210388184,10,29.09561824798584
combo_1,No_Mutation,1,1,0,1,lr104,1377.6799999999998,9,1013.0,1492.8535033627968,10,1066.3239309734263,True,60.80638766288757,52.281572341918945,9,31.66439414024353
combo_1,No_Mutation,1,1,0,1,lr105,2148.12,14,1377.0,2148.2931879400417,14,1377.1110179102832,True,60.31194305419922,11.189565420150757,8,49.12230634689331
combo_1,No_Mutation,1,1,0,1,lr106,1854.44,12,1253.0,1853.872648317519,12,1252.616654268594,True,60.24137806892395,53.620920181274414,10,23.984935522079468
combo_1,No_Mutation,1,1,0,1,lr107,1555.3999999999999,10,1111.0,1555.8384463562165,10,1111.3131759687262,True,60.08347201347351,45.5818612575531,10,15.411962270736694
combo_1,No_Mutation,1,1,0,1,lr108,1317.84,9,969.0,1317.7937858608357,9,968.9660190153205,True,61.09384083747864,27.167617321014404,7,33.92614245414734
combo_1,No_Mutation,1,1,0,1,lr109,1740.96,11,1209.0,1857.4578253150896,12,1255.0390711588443,True,60.17858386039734,6.99538779258728,10,53.1831157207489
combo_1,No_Mutation,1,1,0,1,lr110,1622.6,10,1159.0,1805.2171861433833,12,1219.7413419887725,True,60.183324098587036,44.76334285736084,11,25.737629890441895
combo_1,No_Mutation,1,1,0,1,lr111,1552.6,10,1109.0,1646.1882657973135,11,1143.1862956925788,True,60.07295894622803,48.284205198287964,8,32.259986877441406
combo_1,No_Mutation,1,1,0,1,lr112,1365.4399999999998,9,1004.0,1439.8994051263955,10,1028.4995750902826,True,60.98387098312378,53.800610065460205,11,43.7570436000824
combo_1,No_Mutation,1,1,0,1,lr201,1453.4799999999998,4,1253.0,1479.9671395698351,4,1275.8337410084787,True,60.471078634262085,29.892022848129272,5,30.5789897441864
combo_1,No_Mutation,1,1,0,1,lr202,1341.7600000000002,3,1198.0,1536.9013527906936,4,1324.9149593023221,True,65.4918429851532,19.847002506256104,7,45.644766330718994
combo_1,No_Mutation,1,1,0,1,lr203,1062.88,3,949.0,1063.3239764151936,3,949.3964075135656,True,62.49050045013428,59.16196274757385,13,33.09286856651306
combo_1,No_Mutation,1,1,0,1,lr204,916.9200000000001,2,849.0,916.9744565240326,2,849.0504227074375,True,64.84161353111267,35.108492374420166,7,29.73304033279419
combo_1,No_Mutation,1,1,0,1,lr205,1180.48,3,1054.0,1308.6624396627112,4,1128.1572755713028,True,64.59859228134155,27.900785207748413,7,36.69770956039429
combo_1,No_Mutation,1,1,0,1,lr206,1043.8400000000001,3,932.0,1055.3734941571097,3,942.2977626402765,True,64.26364183425903,7.54784893989563,6,56.715694427490234
combo_1,No_Mutation,1,1,0,1,lr207,975.24,2,903.0,1042.301730966486,3,930.626545505791,True,64.64219284057617,38.82745814323425,12,25.814676761627197
combo_1,No_Mutation,1,1,0,1,lr208,793.8000000000001,2,735.0,813.6562385309912,2,753.385406047214,True,65.30134129524231,62.96601629257202,7,46.633678913116455
combo_1,No_Mutation,1,1,0,1,lr209,1042.72,3,931.0,1052.5185805896333,3,939.7487326693154,True,62.36595845222473,11.509910821914673,6,50.85597372055054
combo_1,No_Mutation,1,1,0,1,lr210,1079.68,3,964.0,1098.5667336933543,3,980.863155083352,True,64.97339057922363,38.0109498500824,14,26.96236801147461
combo_1,No_Mutation,1,1,0,1,lr211,984.96,2,912.0,1055.8834286134734,3,942.7530612620297,True,64.13231992721558,13.024028778076172,7,51.10822343826294
combo_1,No_Mutation,1,1,0,1,lrc101,2666.04,14,1709.0,2725.14322439174,15,1703.2145152448375,True,60.46844506263733,54.230782985687256,9,30.64021873474121
combo_1,No_Mutation,1,1,0,1,lrc102,2305.84,12,1558.0,2567.9673904950982,14,1646.132942625063,True,60.74895668029785,41.459113121032715,11,22.803890466690063
combo_1,No_Mutation,1,1,0,1,lrc103,1812.96,11,1259.0,1812.5814501625084,11,1258.7371181684086,True,60.37579703330994,47.87687921524048,9,24.49986720085144
combo_1,No_Mutation,1,1,0,1,lrc104,1579.1999999999998,10,1128.0,1635.1031886214107,10,1167.9308490152935,True,60.243976354599,42.28137493133545,16,17.962488412857056
combo_1,No_Mutation,1,1,0,1,lrc105,2489.76,13,1638.0,2571.911734676441,14,1648.6613683823339,True,60.72478175163269,30.85521173477173,6,29.869452953338623
combo_1,No_Mutation,1,1,0,1,lrc106,2052.0,11,1425.0,2322.304804643446,13,1527.8321083180565,True,60.21767735481262,33.78415513038635,11,26.433424949645996
combo_1,No_Mutation,1,1,0,1,lrc107,1771.2,11,1230.0,1893.5747745436981,12,1279.4424152322285,True,60.20152258872986,4.087165355682373,11,56.11425709724426
combo_1,No_Mutation,1,1,0,1,lrc108,1605.8,10,1147.0,1696.0324262385316,11,1177.8002959989803,True,60.33783769607544,49.16250967979431,12,30.346020936965942
combo_1,No_Mutation,1,1,0,1,lrc201,1632.12,4,1407.0,1748.8399148146657,4,1507.6206162195394,True,61.71467328071594,3.7395925521850586,4,57.97497057914734
combo_1,No_Mutation,1,1,0,1,lrc202,1538.88,3,1374.0,1706.1168274417125,5,1421.764022868094,True,61.35461139678955,13.183237552642822,4,48.1713228225708
combo_1,No_Mutation,1,1,0,1,lrc203,1219.68,3,1089.0,1251.599983447624,3,1117.4999852210929,True,61.530109167099,47.67320418357849,6,23.351766109466553
combo_1,No_Mutation,1,1,0,1,lrc204,917.2800000000001,3,819.0,934.9709485813679,3,834.7954898047927,True,68.29940748214722,17.851441621780396,5,50.447885036468506
combo_1,No_Mutation,1,1,0,1,lrc205,1510.32,4,1302.0,1643.942230724522,5,1369.9518589371016,True,63.45895075798035,62.10802626609802,5,49.18432092666626
combo_1,No_Mutation,1,1,0,1,lrc206,1298.0800000000002,3,1159.0,1298.1171644412746,3,1159.033182536852,True,66.56323337554932,12.88319730758667,4,53.67994546890259
combo_1,No_Mutation,1,1,0,1,lrc207,1189.44,3,1062.0,1192.1303027287659,3,1064.4020560078266,True,61.8981499671936,55.071651220321655,5,53.72649836540222
combo_1,No_Mutation,1,1,0,1,lrc208,955.3600000000001,3,853.0,1094.1537128432117,4,943.2359593475963,True,63.12075734138489,10.71719765663147,6,52.40342402458191
combo_1,No_Mutation,1,1,0,1,bar-n100-1,990.3529411764706,6,732.0,1062.058823529412,6,785.0,True,60.669670820236206,21.575615644454956,9,39.09396958351135
combo_1,No_Mutation,1,1,0,1,bar-n100-2,707.8888888888888,5,554.0,776.0,6,582.0,True,60.12899661064148,22.098169326782227,6,38.030747175216675
combo_1,No_Mutation,1,1,0,1,bar-n100-3,1009.2941176470589,6,746.0,1060.7058823529412,6,784.0,True,60.543906688690186,29.299726009368896,8,31.24410080909729
combo_1,No_Mutation,1,1,0,1,bar-n100-4,2070.0,12,1150.0,2258.6666666666665,13,1210.0,True,60.110246419906616,54.971271276474,13,15.440411567687988
combo_1,No_Mutation,1,1,0,1,bar-n100-5,1102.6315789473686,6,838.0,1212.421052631579,7,886.0,True,60.73150134086609,6.633373022079468,5,54.098060131073
combo_1,No_Mutation,1,1,0,1,bar-n100-6,935.75,3,788.0,1020.0,4,816.0,True,65.19966864585876,49.69358944892883,5,30.700499534606934
combo_1,No_Mutation,1,1,0,1,ber-n100-1,3271.7647058823527,13,1854.0,3612.235294117647,15,1919.0,True,60.28754258155823,56.82463502883911,9,45.67158818244934
combo_1,No_Mutation,1,1,0,1,ber-n100-2,2007.7647058823532,6,1484.0,2289.882352941176,7,1622.0,True,60.21225619316101,50.656901836395264,8,43.31339240074158
combo_1,No_Mutation,1,1,0,1,ber-n100-3,814.8571428571428,3,713.0,829.7142857142857,3,726.0,True,60.487048625946045,28.255239486694336,8,32.231749296188354
combo_1,No_Mutation,1,1,0,1,ber-n100-4,572.0,3,494.0,595.1578947368421,3,514.0,True,65.47322583198547,1.8444507122039795,3,63.62868309020996
combo_1,No_Mutation,1,1,0,1,ber-n100-5,1206.2222222222222,5,944.0,1239.4444444444443,5,970.0,True,61.92754817008972,0.8831136226654053,2,61.044376850128174
combo_1,No_Mutation,1,1,0,1,ber-n100-6,4090.9333333333334,14,2116.0,13391.2,15,2036.0,False,60.50460433959961,39.51966190338135,9,30.193329572677612
combo_1,No_Mutation,1,1,0,1,ber-n100-7,2647.8947368421054,7,1935.0,2854.8947368421054,8,2009.0,True,60.041494369506836,7.15802788734436,9,52.88339829444885
combo_1,No_Mutation,1,1,0,1,nyc-n100-1,979.8181818181818,6,634.0,1091.4545454545453,7,667.0,True,60.33504390716553,34.49027228355408,5,28.284769296646118
combo_1,No_Mutation,1,1,0,1,nyc-n100-2,767.7272727272727,4,563.0,848.0,5,583.0,True,61.4355103969574,48.94373393058777,11,18.286120891571045
combo_1,No_Mutation,1,1,0,1,nyc-n100-3,637.0,3,490.0,676.1999999999999,4,483.0,True,63.828728675842285,22.67524552345276,8,41.153422832489014
combo_1,No_Mutation,1,1,0,1,nyc-n100-4,624.1666666666667,2,535.0,723.75,3,579.0,True,61.95936942100525,23.067667961120605,6,38.89160966873169
combo_1,No_Mutation,1,1,0,1,nyc-n100-5,790.6363636363636,2,669.0,870.5454545454545,3,684.0,True,62.805848360061646,45.38340759277344,7,20.873262643814087
combo_1,No_Mutation,1,1,0,1,poa-n100-1,2698.7058823529414,12,1582.0,3014.1176470588234,13,1708.0,True,60.014190435409546,57.4304256439209,10,23.374780416488647
combo_1,No_Mutation,1,1,0,1,poa-n100-2,2981.8125,15,1539.0,3398.0,16,1699.0,True,60.49959945678711,40.81352949142456,9,26.348278284072876
combo_1,No_Mutation,1,1,0,1,poa-n100-3,1970.4736842105262,10,1291.0,2088.9473684210525,11,1323.0,True,60.14496994018555,49.42987060546875,8,33.96116924285889
combo_1,No_Mutation,1,1,0,1,poa-n100-4,2262.0,7,1653.0,2343.157894736842,9,1590.0,True,61.72382855415344,12.384323835372925,8,49.339415311813354
combo_1,No_Mutation,1,1,0,1,poa-n100-5,844.2352941176471,6,624.0,879.4117647058824,6,650.0,True,61.71176505088806,36.6156325340271,6,32.65553855895996
combo_1,No_Mutation,1,1,0,1,poa-n100-6,655.6666666666667,3,562.0,675.5,3,579.0,True,60.30989074707031,49.01300263404846,8,32.124248027801514
combo_1,No_Mutation,1,1,0,1,poa-n100-7,999.0588235294118,5,772.0,1016.0588235294118,6,751.0,True,61.40116739273071,43.01010823249817,5,40.574816942214966
combo_2,No_LocalSearch,1,1,1,0,lc101,1160.6,10,829.0,1160.5116137199673,10,828.9368669428338,True,60.01637268066406,12.272067308425903,115,47.74418568611145
combo_2,No_LocalSearch,1,1,1,0,lc102,1160.6,10,829.0,1160.5116137199673,10,828.9368669428338,True,60.012293338775635,38.47152042388916,127,21.539406776428223
combo_2,No_LocalSearch,1,1,1,0,lc103,1407.6,9,1035.0,1159.0105788377905,10,827.8646991698504,True,60.01602387428284,23.88961958885193,129,36.119723081588745
combo_2,No_LocalSearch,1,1,1,0,lc104,1169.6,9,860.0,1158.9225240568023,10,827.801802897716,True,60.01626920700073,59.98589587211609,158,11.429538488388062
combo_2,No_LocalSearch,1,1,1,0,lc105,1160.6,10,829.0,1160.5116137199673,10,828.9368669428338,True,60.01363015174866,41.38766074180603,112,27.44053339958191
combo_2,No_LocalSearch,1,1,1,0,lc106,1160.6,10,829.0,1160.511613719967,10,828.9368669428337,True,60.015865325927734,11.98274827003479,140,48.02836322784424
combo_2,No_LocalSearch,1,1,1,0,lc107,1160.6,10,829.0,1160.511613719967,10,828.9368669428337,True,60.02373719215393,22.700989723205566,136,37.318052768707275
combo_2,No_LocalSearch,1,1,1,0,lc108,1156.3999999999999,10,826.0,1157.0148873174505,10,826.4392052267505,True,60.01868534088135,47.61836361885071,153,12.394701480865479
combo_2,No_LocalSearch,1,1,1,0,lc109,1361.36,9,1001.0,1158.943258572759,10,827.8166132662566,True,60.021159172058105,58.78587818145752,162,23.46622133255005
combo_2,No_LocalSearch,1,1,1,0,lc201,663.0400000000001,3,592.0,662.5433434720816,3,591.5565566715013,True,60.094244718551636,15.067270994186401,91,45.02503275871277
combo_2,No_LocalSearch,1,1,1,0,lc202,663.0400000000001,3,592.0,662.5433434720817,3,591.5565566715014,True,60.04190802574158,18.828866720199585,95,41.212230920791626
combo_2,No_LocalSearch,1,1,1,0,lc203,661.9200000000001,3,591.0,662.1142559143073,3,591.1734427806314,True,60.106178760528564,14.225759744644165,70,45.87933850288391
combo_2,No_LocalSearch,1,1,1,0,lc204,661.9200000000001,3,591.0,794.7622917883078,3,709.6091890967034,True,60.00792980194092,22.295223712921143,97,37.71051621437073
combo_2,No_LocalSearch,1,1,1,0,lc205,659.6800000000001,3,589.0,659.5410781718344,3,588.8759626534236,True,60.027711153030396,11.248138904571533,46,48.77837300300598
combo_2,No_LocalSearch,1,1,1,0,lc206,658.5600000000001,3,588.0,659.1119906140601,3,588.4928487625536,True,60.00798296928406,20.455554008483887,118,39.55161094665527
combo_2,No_LocalSearch,1,1,1,0,lc207,658.5600000000001,3,588.0,662.6158370100374,3,591.6212830446761,True,60.0147807598114,30.557674169540405,57,29.456525087356567
combo_2,No_LocalSearch,1,1,1,0,lc208,658.5600000000001,3,588.0,662.7901763166107,3,591.7769431398309,True,60.00605750083923,39.918882846832275,65,20.086392164230347
combo_2,No_LocalSearch,1,1,1,0,lr101,2905.76,19,1651.0,2905.4066616450796,19,1650.799239571068,True,60.0181405544281,36.46775960922241,137,23.547494411468506
combo_2,No_LocalSearch,1,1,1,0,lr102,2499.84,17,1488.0,2628.0284532984474,17,1564.3026507728853,True,60.015321016311646,57.06281805038452,144,42.155834436416626
combo_2,No_LocalSearch,1,1,1,0,lr103,1965.3600000000001,13,1293.0,1964.8667755364581,13,1292.675510221354,True,60.020357847213745,20.604875087738037,135,39.41176080703735
combo_2,No_LocalSearch,1,1,1,0,lr104,1377.6799999999998,9,1013.0,1460.8016131163154,10,1043.429723654511,True,60.02131462097168,48.326080083847046,130,15.080481767654419
combo_2,No_LocalSearch,1,1,1,0,lr105,2148.12,14,1377.0,2148.2931879400417,14,1377.1110179102832,True,60.0165581703186,20.103724002838135,125,39.90865612030029
combo_2,No_LocalSearch,1,1,1,0,lr106,1854.44,12,1253.0,1853.872648317519,12,1252.616654268594,True,60.01684904098511,36.18290615081787,137,23.827934503555298
combo_2,No_LocalSearch,1,1,1,0,lr107,1555.3999999999999,10,1111.0,1555.838446356217,10,1111.3131759687265,True,60.0215322971344,22.290192365646362,141,37.726797342300415
combo_2,No_LocalSearch,1,1,1,0,lr108,1317.84,9,969.0,1317.7937858608357,9,968.9660190153205,True,60.01646184921265,54.70694375038147,150,23.224920511245728
combo_2,No_LocalSearch,1,1,1,0,lr109,1740.96,11,1209.0,1831.8156692541033,12,1237.7132900365564,True,60.017786502838135,27.51022434234619,148,32.499672412872314
combo_2,No_LocalSearch,1,1,1,0,lr110,1622.6,10,1159.0,1790.3267041304064,11,1243.2824334238933,True,60.01831912994385,57.52425789833069,113,25.37764263153076
combo_2,No_LocalSearch,1,1,1,0,lr111,1552.6,10,1109.0,1640.0438404679503,11,1138.919333658299,True,60.030189990997314,23.71940279006958,145,36.306511878967285
combo_2,No_LocalSearch,1,1,1,0,lr112,1365.4399999999998,9,1004.0,1567.5874638662272,11,1088.6024054626578,True,60.022403717041016,53.49347949028015,130,24.88266634941101
combo_2,No_LocalSearch,1,1,1,0,lr201,1453.4799999999998,4,1253.0,1470.8426964572836,4,1267.9678417735204,True,60.069830656051636,14.898015022277832,86,45.1667046546936
combo_2,No_LocalSearch,1,1,1,0,lr202,1341.7600000000002,3,1198.0,1350.7428900138236,3,1206.0204375123424,True,60.03073692321777,41.56005787849426,101,18.469289541244507
combo_2,No_LocalSearch,1,1,1,0,lr203,1062.88,3,949.0,1192.2989790739177,3,1064.5526598874264,True,60.10973119735718,55.56104922294617,103,11.464085102081299
combo_2,No_LocalSearch,1,1,1,0,lr204,916.9200000000001,2,849.0,1116.0155536213351,3,996.4424585904777,True,60.02690887451172,59.43929076194763,80,12.15928030014038
combo_2,No_LocalSearch,1,1,1,0,lr205,1180.48,3,1054.0,1229.9951383602627,3,1098.2099449645202,True,60.04546570777893,41.2767550945282,98,18.766044855117798
combo_2,No_LocalSearch,1,1,1,0,lr206,1043.8400000000001,3,932.0,1397.7464598270685,3,1247.9879105598825,True,60.04688119888306,26.600141286849976,87,33.44259524345398
combo_2,No_LocalSearch,1,1,1,0,lr207,975.24,2,903.0,1213.650529956722,3,1083.616544604216,True,60.04246973991394,58.395408630371094,87,12.568650245666504
combo_2,No_LocalSearch,1,1,1,0,lr208,793.8000000000001,2,735.0,922.545085687652,2,854.2084126737518,True,60.301387786865234,54.26811361312866,102,9.298692226409912
combo_2,No_LocalSearch,1,1,1,0,lr209,1042.72,3,931.0,1199.9771453077537,4,1034.4630562997877,True,60.01354217529297,37.63500380516052,126,22.37677788734436
combo_2,No_LocalSearch,1,1,1,0,lr210,1079.68,3,964.0,1339.557256507978,4,1154.7907383689467,True,60.009750843048096,27.77721333503723,71,32.2300078868866
combo_2,No_LocalSearch,1,1,1,0,lr211,984.96,2,912.0,1168.0534746767946,3,1042.9048881042809,True,60.10804867744446,46.934520959854126,113,13.172668695449829
combo_2,No_LocalSearch,1,1,1,0,lrc101,2666.04,14,1709.0,2776.9683946388104,15,1735.6052466492563,True,60.017690896987915,30.676613569259644,121,29.337260723114014
combo_2,No_LocalSearch,1,1,1,0,lrc102,2305.84,12,1558.0,2399.704957792372,13,1578.7532617055078,True,60.01872205734253,16.927239418029785,133,43.08637619018555
combo_2,No_LocalSearch,1,1,1,0,lrc103,1812.96,11,1259.0,1812.5814501625086,11,1258.7371181684089,True,60.017961263656616,47.21967959403992,134,15.340803623199463
combo_2,No_LocalSearch,1,1,1,0,lrc104,1579.1999999999998,10,1128.0,1585.3847863208098,10,1132.4177045148642,True,60.01727533340454,30.269850969314575,153,29.742234230041504
combo_2,No_LocalSearch,1,1,1,0,lrc105,2489.76,13,1638.0,2645.197621377023,14,1695.6395008827071,True,60.02016019821167,13.124914646148682,117,46.890990018844604
combo_2,No_LocalSearch,1,1,1,0,lrc106,2052.0,11,1425.0,2204.280701893539,12,1489.3788526307696,True,60.022212505340576,56.82439565658569,152,17.217395544052124
combo_2,No_LocalSearch,1,1,1,0,lrc107,1771.2,11,1230.0,1960.306898044626,12,1324.5316878679905,True,60.02077531814575,58.486488580703735,154,14.052212715148926
combo_2,No_LocalSearch,1,1,1,0,lrc108,1605.8,10,1147.0,1696.0324262385316,11,1177.8002959989803,True,60.0224392414093,27.22599220275879,128,32.792433977127075
combo_2,No_LocalSearch,1,1,1,0,lrc201,1632.12,4,1407.0,1794.897020450019,4,1547.3250176293268,True,60.02574920654297,57.3586630821228,123,10.66816234588623
combo_2,No_LocalSearch,1,1,1,0,lrc202,1538.88,3,1374.0,1769.9263087593604,4,1525.7985420339314,True,60.03850030899048,39.84282207489014,95,20.19187331199646
combo_2,No_LocalSearch,1,1,1,0,lrc203,1219.68,3,1089.0,1357.9601908528266,4,1170.655336942092,True,60.01694178581238,41.02842473983765,88,21.19105291366577
combo_2,No_LocalSearch,1,1,1,0,lrc204,917.2800000000001,3,819.0,1269.3658138184076,3,1133.3623337664353,True,60.028525590896606,58.75390362739563,119,7.24986457824707
combo_2,No_LocalSearch,1,1,1,0,lrc205,1510.32,4,1302.0,1827.966745939065,4,1575.8334016716078,True,60.018930196762085,49.33361077308655,126,10.682557821273804
combo_2,No_LocalSearch,1,1,1,0,lrc206,1298.0800000000002,3,1159.0,1448.354326536284,4,1248.5813159795553,True,60.016488552093506,53.305827379226685,109,27.078280925750732
combo_2,No_LocalSearch,1,1,1,0,lrc207,1189.44,3,1062.0,1434.3020949789575,4,1236.467323257722,True,60.02202320098877,58.21850919723511,145,21.000813245773315
combo_2,No_LocalSearch,1,1,1,0,lrc208,955.3600000000001,3,853.0,1159.0723171596944,4,999.2002734135297,True,60.02289938926697,57.02522850036621,120,6.098121881484985
combo_2,No_LocalSearch,1,1,1,0,bar-n100-1,990.3529411764706,6,732.0,1055.2941176470588,6,780.0,True,60.018364667892456,38.71644854545593,119,21.29826521873474
combo_2,No_LocalSearch,1,1,1,0,bar-n100-2,707.8888888888888,5,554.0,781.9999999999999,5,612.0,True,60.010998249053955,20.00328493118286,104,40.00569796562195
combo_2,No_LocalSearch,1,1,1,0,bar-n100-3,1009.2941176470589,6,746.0,1109.4117647058824,6,820.0,True,60.02055072784424,46.99147319793701,103,15.634527683258057
combo_2,No_LocalSearch,1,1,1,0,bar-n100-4,2070.0,12,1150.0,2245.6,13,1203.0,True,60.016390323638916,59.808693647384644,104,40.86552047729492
combo_2,No_LocalSearch,1,1,1,0,bar-n100-5,1102.6315789473686,6,838.0,1250.7368421052631,7,914.0,True,60.02200508117676,48.26128077507019,115,13.663657188415527
combo_2,No_LocalSearch,1,1,1,0,bar-n100-6,935.75,3,788.0,1042.5,4,834.0,True,60.022854804992676,21.356701374053955,77,38.6640727519989
combo_2,No_LocalSearch,1,1,1,0,ber-n100-1,3271.7647058823527,13,1854.0,3657.4117647058824,15,1943.0,True,60.01712727546692,42.38697576522827,137,17.62246084213257
combo_2,No_LocalSearch,1,1,1,0,ber-n100-2,2007.7647058823532,6,1484.0,2246.1176470588234,7,1591.0,True,60.0126576423645,54.34326100349426,131,25.81439995765686
combo_2,No_LocalSearch,1,1,1,0,ber-n100-3,814.8571428571428,3,713.0,893.9047619047619,5,722.0,True,60.0341591835022,46.49382448196411,90,24.295286417007446
combo_2,No_LocalSearch,1,1,1,0,ber-n100-4,572.0,3,494.0,654.2105263157895,3,565.0,True,60.068636417388916,56.13468885421753,67,9.675249099731445
combo_2,No_LocalSearch,1,1,1,0,ber-n100-5,1206.2222222222222,5,944.0,1322.5,5,1035.0,True,60.011454582214355,44.978065490722656,80,19.76982855796814
combo_2,No_LocalSearch,1,1,1,0,ber-n100-6,4090.9333333333334,14,2116.0,4348.0,15,2174.0,True,60.0174765586853,48.47282958030701,118,11.540343523025513
combo_2,No_LocalSearch,1,1,1,0,ber-n100-7,2647.8947368421054,7,1935.0,2930.2105263157896,8,2062.0,True,60.012197732925415,48.29932904243469,115,12.52251935005188
combo_2,No_LocalSearch,1,1,1,0,nyc-n100-1,979.8181818181818,6,634.0,1057.090909090909,6,684.0,True,60.033512592315674,27.664999961853027,125,32.34609770774841
combo_2,No_LocalSearch,1,1,1,0,nyc-n100-2,767.7272727272727,4,563.0,816.8181818181819,4,599.0,True,60.060036182403564,58.83210468292236,112,31.698877096176147
combo_2,No_LocalSearch,1,1,1,0,nyc-n100-3,637.0,3,490.0,694.4,4,496.0,True,60.04836940765381,26.794342279434204,82,33.25151753425598
combo_2,No_LocalSearch,1,1,1,0,nyc-n100-4,624.1666666666667,2,535.0,763.75,3,611.0,True,60.02446913719177,29.308409452438354,90,30.710501194000244
combo_2,No_LocalSearch,1,1,1,0,nyc-n100-5,790.6363636363636,2,669.0,898.5454545454545,3,706.0,True,60.04530167579651,58.875864028930664,75,9.854575157165527
combo_2,No_LocalSearch,1,1,1,0,poa-n100-1,2698.7058823529414,12,1582.0,3120.0588235294117,14,1711.0,True,60.00845217704773,17.45032024383545,116,42.55448579788208
combo_2,No_LocalSearch,1,1,1,0,poa-n100-2,2981.8125,15,1539.0,3154.0,16,1577.0,True,60.009624004364014,48.718698263168335,134,11.288563013076782
combo_2,No_LocalSearch,1,1,1,0,poa-n100-3,1970.4736842105262,10,1291.0,2152.1052631578946,11,1363.0,True,60.01672625541687,42.480493783950806,105,23.81873607635498
combo_2,No_LocalSearch,1,1,1,0,poa-n100-4,2262.0,7,1653.0,2276.5263157894738,8,1602.0,True,60.019973278045654,59.03557372093201,106,17.986976623535156
combo_2,No_LocalSearch,1,1,1,0,poa-n100-5,844.2352941176471,6,624.0,970.0588235294118,6,717.0,True,60.0148606300354,57.176814794540405,117,14.962552785873413
combo_2,No_LocalSearch,1,1,1,0,poa-n100-6,655.6666666666667,3,562.0,712.8333333333334,3,611.0,True,60.05474829673767,53.75369739532471,72,12.488646268844604
combo_2,No_LocalSearch,1,1,1,0,poa-n100-7,999.0588235294118,5,772.0,1025.5294117647059,6,758.0,True,60.015090227127075,52.04840397834778,113,32.89878821372986
combo_3,LS_Set2_OneShot,1,1,1,6,lc101,1160.6,10,829.0,1391.4400965082755,11,966.2778447974135,True,60.02263617515564,34.85230588912964,7,25.170254230499268
combo_3,LS_Set2_OneShot,1,1,1,6,lc102,1160.6,10,829.0,2272.7666648967447,13,1495.2412269057531,True,60.77112436294556,43.425057888031006,6,37.725621700286865
combo_3,LS_Set2_OneShot,1,1,1,6,lc103,1407.6,9,1035.0,2338.2350477732566,13,1538.312531429774,True,60.64328193664551,57.73620629310608,18,8.739931344985962
combo_3,LS_Set2_OneShot,1,1,1,6,lc104,1169.6,9,860.0,2038.015609874887,9,1498.5408896138877,True,60.639737129211426,44.72444534301758,17,15.91519546508789
combo_3,LS_Set2_OneShot,1,1,1,6,lc105,1160.6,10,829.0,1764.6771831355134,13,1160.9718310102062,True,60.56134295463562,58.59622669219971,8,22.049435138702393
combo_3,LS_Set2_OneShot,1,1,1,6,lc106,1160.6,10,829.0,1550.051428509537,11,1076.424603131623,True,60.67265033721924,51.04016470909119,13,9.85096263885498
combo_3,LS_Set2_OneShot,1,1,1,6,lc107,1160.6,10,829.0,1568.5024114806322,11,1089.2377857504391,True,60.137091875076294,55.90536165237427,11,44.09441137313843
combo_3,LS_Set2_OneShot,1,1,1,6,lc108,1156.3999999999999,10,826.0,1880.3779250977836,12,1270.52562506607,True,60.27558207511902,50.01286768913269,6,30.901686191558838
combo_3,LS_Set2_OneShot,1,1,1,6,lc109,1361.36,9,1001.0,1826.8242608263326,11,1268.6279589071755,True,60.847644567489624,57.53942823410034,10,18.807326316833496
combo_3,LS_Set2_OneShot,1,1,1,6,lc201,663.0400000000001,3,592.0,662.5433434720816,3,591.5565566715013,True,61.75378108024597,3.4195494651794434,7,58.3341588973999
combo_3,LS_Set2_OneShot,1,1,1,6,lc202,663.0400000000001,3,592.0,662.5433434720817,3,591.5565566715014,True,60.63126611709595,26.19092035293579,11,34.44026756286621
combo_3,LS_Set2_OneShot,1,1,1,6,lc203,661.9200000000001,3,591.0,783.3318186477246,4,675.2860505583833,True,63.40527033805847,22.92165970802307,9,40.48355293273926
combo_3,LS_Set2_OneShot,1,1,1,6,lc204,661.9200000000001,3,591.0,1020.9657533701451,4,880.1428908363321,True,62.28884220123291,53.030702352523804,11,23.08006501197815
combo_3,LS_Set2_OneShot,1,1,1,6,lc205,659.6800000000001,3,589.0,659.5410781718344,3,588.8759626534236,True,62.77679491043091,8.952545166015625,11,53.8241491317749
combo_3,LS_Set2_OneShot,1,1,1,6,lc206,658.5600000000001,3,588.0,874.7281337062411,4,754.0759773329665,True,61.60071539878845,5.881012678146362,14,55.71960473060608
combo_3,LS_Set2_OneShot,1,1,1,6,lc207,658.5600000000001,3,588.0,951.0538782571407,4,819.8740329802938,True,61.96661138534546,43.3499698638916,13,18.616562843322754
combo_3,LS_Set2_OneShot,1,1,1,6,lc208,658.5600000000001,3,588.0,664.2224210032898,3,593.0557330386515,True,64.0720796585083,64.07190704345703,11,40.54388427734375
combo_3,LS_Set2_OneShot,1,1,1,6,lr101,2905.76,19,1651.0,3199.336473888492,21,1738.769822765485,True,60.44787836074829,45.703245878219604,7,43.2261757850647
combo_3,LS_Set2_OneShot,1,1,1,6,lr102,2499.84,17,1488.0,3103.221719511168,19,1763.1941588131635,True,60.074357986450195,51.585243463516235,13,13.149126052856445
combo_3,LS_Set2_OneShot,1,1,1,6,lr103,1965.3600000000001,13,1293.0,2698.051207959751,16,1645.1531755852138,True,60.58519005775452,52.34686541557312,10,28.722567796707153
combo_3,LS_Set2_OneShot,1,1,1,6,lr104,1377.6799999999998,9,1013.0,1758.0404515696243,11,1220.861424701128,True,60.72165107727051,53.00734615325928,15,16.052125215530396
combo_3,LS_Set2_OneShot,1,1,1,6,lr105,2148.12,14,1377.0,2501.7650641879472,16,1525.4665025536262,True,60.26034879684448,58.866148471832275,22,11.40274715423584
combo_3,LS_Set2_OneShot,1,1,1,6,lr106,1854.44,12,1253.0,2451.4545271432667,15,1532.1590794645417,True,60.5896315574646,47.80811953544617,14,14.560298919677734
combo_3,LS_Set2_OneShot,1,1,1,6,lr107,1555.3999999999999,10,1111.0,2274.8900216902816,14,1458.2628344168472,True,60.019869327545166,59.78915786743164,12,28.421599626541138
combo_3,LS_Set2_OneShot,1,1,1,6,lr108,1317.84,9,969.0,2038.6846874341138,12,1377.4896536716985,True,60.52714252471924,59.3222222328186,13,18.767773151397705
combo_3,LS_Set2_OneShot,1,1,1,6,lr109,1740.96,11,1209.0,2389.349189108104,15,1493.3432431925648,True,60.500492334365845,53.61562418937683,15,11.017122030258179
combo_3,LS_Set2_OneShot,1,1,1,6,lr110,1622.6,10,1159.0,2232.4341684501082,14,1431.0475438782746,True,60.634340047836304,59.87570810317993,11,13.674204587936401
combo_3,LS_Set2_OneShot,1,1,1,6,lr111,1552.6,10,1109.0,2128.120102893041,13,1400.079015061211,True,60.570624351501465,59.24203372001648,13,21.490367889404297
combo_3,LS_Set2_OneShot,1,1,1,6,lr112,1365.4399999999998,9,1004.0,2159.2035669557313,13,1420.5286624708758,True,60.56517577171326,54.24415063858032,17,23.934439182281494
combo_3,LS_Set2_OneShot,1,1,1,6,lr201,1453.4799999999998,4,1253.0,2169.349271587434,6,1749.4752190221243,True,60.936869382858276,35.744319677352905,35,25.192423343658447
combo_3,LS_Set2_OneShot,1,1,1,6,lr202,1341.7600000000002,3,1198.0,2149.611204835083,6,1733.5574232540991,True,61.7824809551239,33.39834976196289,14,28.384008646011353
combo_3,LS_Set2_OneShot,1,1,1,6,lr203,1062.88,3,949.0,1499.9455530072796,4,1293.0565112131721,True,61.71899223327637,58.10841703414917,29,16.926390171051025
combo_3,LS_Set2_OneShot,1,1,1,6,lr204,916.9200000000001,2,849.0,1240.264719529929,3,1107.3792138660078,True,60.061168909072876,56.88262748718262,19,23.02337646484375
combo_3,LS_Set2_OneShot,1,1,1,6,lr205,1180.48,3,1054.0,1622.7145138045034,4,1398.8918222452617,True,60.83824872970581,56.938190937042236,29,8.563470125198364
combo_3,LS_Set2_OneShot,1,1,1,6,lr206,1043.8400000000001,3,932.0,1397.1353538906435,4,1204.427029216072,True,60.378397941589355,42.95228600502014,21,24.093716621398926
combo_3,LS_Set2_OneShot,1,1,1,6,lr207,975.24,2,903.0,1251.3731790423526,3,1117.2974812878147,True,64.85415577888489,59.534913063049316,27,18.527724981307983
combo_3,LS_Set2_OneShot,1,1,1,6,lr208,793.8000000000001,2,735.0,1110.1925974398741,3,991.243390571316,True,68.1784336566925,66.70173621177673,23,12.91530704498291
combo_3,LS_Set2_OneShot,1,1,1,6,lr209,1042.72,3,931.0,1554.5617190183111,5,1295.468099181926,True,65.90524530410767,16.236637115478516,15,49.66851210594177
combo_3,LS_Set2_OneShot,1,1,1,6,lr210,1079.68,3,964.0,1479.6327143746655,4,1275.545443426436,True,60.125028133392334,58.73112893104553,16,25.24739909172058
combo_3,LS_Set2_OneShot,1,1,1,6,lr211,984.96,2,912.0,1106.9915933687469,3,988.3853512220953,True,61.191367387771606,30.394750118255615,19,30.79655146598816
combo_3,LS_Set2_OneShot,1,1,1,6,lrc101,2666.04,14,1709.0,3341.4429485867054,18,1942.6993887132007,True,60.562148571014404,57.61950373649597,14,17.004308700561523
combo_3,LS_Set2_OneShot,1,1,1,6,lrc102,2305.84,12,1558.0,3195.4665539909956,16,1948.4552158481679,True,60.69181561470032,49.24487495422363,19,11.446819067001343
combo_3,LS_Set2_OneShot,1,1,1,6,lrc103,1812.96,11,1259.0,2870.975244400313,15,1794.3595277501954,True,60.44168972969055,59.28083682060242,8,25.990295886993408
combo_3,LS_Set2_OneShot,1,1,1,6,lrc104,1579.1999999999998,10,1128.0,2297.1496675488834,13,1511.282676019002,True,60.47762989997864,42.193007946014404,8,35.80799388885498
combo_3,LS_Set2_OneShot,1,1,1,6,lrc105,2489.76,13,1638.0,3208.3798534074413,16,1956.3291789069763,True,60.69896960258484,47.98851275444031,14,15.734415292739868
combo_3,LS_Set2_OneShot,1,1,1,6,lrc106,2052.0,11,1425.0,3025.6117891670438,16,1844.8852372969777,True,60.30492854118347,58.702213287353516,16,11.86021900177002
combo_3,LS_Set2_OneShot,1,1,1,6,lrc107,1771.2,11,1230.0,2811.9675305370697,15,1757.4797065856685,True,60.56214880943298,47.95918345451355,12,17.136900663375854
combo_3,LS_Set2_OneShot,1,1,1,6,lrc108,1605.8,10,1147.0,1980.5130699081806,12,1338.1845066947167,True,60.037121057510376,53.964385747909546,12,15.327541828155518
combo_3,LS_Set2_OneShot,1,1,1,6,lrc201,1632.12,4,1407.0,2633.7827337409785,5,2194.8189447841487,True,63.46215057373047,57.585294246673584,20,46.66486668586731
combo_3,LS_Set2_OneShot,1,1,1,6,lrc202,1538.88,3,1374.0,2462.0420895140655,5,2051.7017412617215,True,63.45259928703308,59.57475447654724,29,44.72681522369385
combo_3,LS_Set2_OneShot,1,1,1,6,lrc203,1219.68,3,1089.0,2269.7454390688977,5,1891.454532557415,True,63.80012273788452,30.223496198654175,16,33.576500415802
combo_3,LS_Set2_OneShot,1,1,1,6,lrc204,917.2800000000001,3,819.0,1182.7073381979856,3,1055.98869481963,True,62.44296979904175,60.38318848609924,20,11.990928649902344
combo_3,LS_Set2_OneShot,1,1,1,6,lrc205,1510.32,4,1302.0,2186.5898203537777,5,1822.1581836281482,True,62.012298583984375,50.71247959136963,17,33.27304172515869
combo_3,LS_Set2_OneShot,1,1,1,6,lrc206,1298.0800000000002,3,1159.0,1816.633278189069,5,1513.8610651575575,True,60.49441432952881,59.819188356399536,39,8.742310285568237
combo_3,LS_Set2_OneShot,1,1,1,6,lrc207,1189.44,3,1062.0,1876.5401536595232,5,1563.7834613829361,True,63.57121300697327,44.33343195915222,11,35.71632170677185
combo_3,LS_Set2_OneShot,1,1,1,6,lrc208,955.3600000000001,3,853.0,1199.77539952917,3,1071.2280352939017,True,60.35525965690613,57.48642635345459,20,14.834725618362427
combo_3,LS_Set2_OneShot,1,1,1,6,bar-n100-1,990.3529411764706,6,732.0,1219.764705882353,7,864.0,True,61.471522092819214,43.40027189254761,8,30.72002410888672
combo_3,LS_Set2_OneShot,1,1,1,6,bar-n100-2,707.8888888888888,5,554.0,817.7777777777777,5,640.0,True,60.083258628845215,49.30518698692322,13,11.696393489837646
combo_3,LS_Set2_OneShot,1,1,1,6,bar-n100-3,1009.2941176470589,6,746.0,1197.1764705882351,7,848.0,True,60.78791809082031,16.983649969100952,6,43.80420184135437
combo_3,LS_Set2_OneShot,1,1,1,6,bar-n100-4,2070.0,12,1150.0,2548.133333333333,14,1318.0,True,60.09633922576904,47.25596904754639,11,13.319431781768799
combo_3,LS_Set2_OneShot,1,1,1,6,bar-n100-5,1102.6315789473686,6,838.0,1334.2105263157896,7,975.0,True,60.13052320480347,5.135068893432617,2,54.99538040161133
combo_3,LS_Set2_OneShot,1,1,1,6,bar-n100-6,935.75,3,788.0,1123.75,4,899.0,True,64.65219902992249,53.95387864112854,6,26.252013683319092
combo_3,LS_Set2_OneShot,1,1,1,6,ber-n100-1,3271.7647058823527,13,1854.0,3950.294117647059,16,2035.0,True,60.093507289886475,53.658973693847656,5,37.04532861709595
combo_3,LS_Set2_OneShot,1,1,1,6,ber-n100-2,2007.7647058823532,6,1484.0,2542.5882352941176,7,1801.0,True,60.848183393478394,51.62596535682678,24,9.222144842147827
combo_3,LS_Set2_OneShot,1,1,1,6,ber-n100-3,814.8571428571428,3,713.0,911.9047619047619,4,766.0,True,60.321348667144775,52.74164009094238,23,7.579629421234131
combo_3,LS_Set2_OneShot,1,1,1,6,ber-n100-4,572.0,3,494.0,648.421052631579,3,560.0,True,60.808035135269165,9.92098355293274,5,50.8869686126709
combo_3,LS_Set2_OneShot,1,1,1,6,ber-n100-5,1206.2222222222222,5,944.0,1444.0,6,1083.0,True,60.46457266807556,56.11823225021362,8,23.642792224884033
combo_3,LS_Set2_OneShot,1,1,1,6,ber-n100-6,4090.9333333333334,14,2116.0,13595.2,15,2138.0,False,60.172250509262085,45.568745851516724,15,14.603431701660156
combo_3,LS_Set2_OneShot,1,1,1,6,ber-n100-7,2647.8947368421054,7,1935.0,3289.2631578947367,9,2232.0,True,61.85733366012573,46.188307762145996,7,16.57960271835327
combo_3,LS_Set2_OneShot,1,1,1,6,nyc-n100-1,979.8181818181818,6,634.0,1238.7272727272727,7,757.0,True,61.01158332824707,57.133376598358154,7,32.20412302017212
combo_3,LS_Set2_OneShot,1,1,1,6,nyc-n100-2,767.7272727272727,4,563.0,1077.8181818181818,5,741.0,True,63.34531497955322,63.24826645851135,10,22.079082489013672
combo_3,LS_Set2_OneShot,1,1,1,6,nyc-n100-3,637.0,3,490.0,763.0,4,545.0,True,62.332231283187866,60.27512240409851,12,33.921854972839355
combo_3,LS_Set2_OneShot,1,1,1,6,nyc-n100-4,624.1666666666667,2,535.0,863.75,3,691.0,True,60.590837717056274,60.59064292907715,4,28.84628701210022
combo_3,LS_Set2_OneShot,1,1,1,6,nyc-n100-5,790.6363636363636,2,669.0,994.0,3,781.0,True,66.28286051750183,45.7859103679657,6,34.09539532661438
combo_3,LS_Set2_OneShot,1,1,1,6,poa-n100-1,2698.7058823529414,12,1582.0,3468.3529411764707,14,1902.0,True,60.48785614967346,55.077126026153564,13,16.01509737968445
combo_3,LS_Set2_OneShot,1,1,1,6,poa-n100-2,2981.8125,15,1539.0,13815.2,16,1665.0,False,60.10281014442444,58.368858337402344,12,11.899088859558105
combo_3,LS_Set2_OneShot,1,1,1,6,poa-n100-3,1970.4736842105262,10,1291.0,2373.9473684210525,12,1455.0,True,60.116801738739014,4.509734392166138,6,55.60701084136963
combo_3,LS_Set2_OneShot,1,1,1,6,poa-n100-4,2262.0,7,1653.0,2662.9473684210525,9,1807.0,True,61.03409004211426,58.05613684654236,8,22.89311408996582
combo_3,LS_Set2_OneShot,1,1,1,6,poa-n100-5,844.2352941176471,6,624.0,1055.8823529411766,8,718.0,True,60.943217277526855,57.616678953170776,11,21.407047033309937
combo_3,LS_Set2_OneShot,1,1,1,6,poa-n100-6,655.6666666666667,3,562.0,777.0,3,666.0,True,64.80128908157349,57.468571186065674,10,14.79592776298523
combo_3,LS_Set2_OneShot,1,1,1,6,poa-n100-7,999.0588235294118,5,772.0,1063.4117647058824,6,786.0,True,60.07504868507385,44.012425661087036,10,27.2994601726532
combo_4,LS_Set2_Ranking,1,1,1,7,lc101,1160.6,10,829.0,1160.511613719967,10,828.9368669428337,True,62.2427933216095,1.9567759037017822,1,60.28593826293945
combo_4,LS_Set2_Ranking,1,1,1,7,lc102,1160.6,10,829.0,1160.5116137199673,10,828.9368669428338,True,60.57073497772217,6.863823890686035,7,53.70684599876404
combo_4,LS_Set2_Ranking,1,1,1,7,lc103,1407.6,9,1035.0,1159.0105788377905,10,827.8646991698504,True,62.745511054992676,10.354033946990967,7,52.39140725135803
combo_4,LS_Set2_Ranking,1,1,1,7,lc104,1169.6,9,860.0,1146.0399771180334,10,818.5999836557382,True,64.57927346229553,41.74551510810852,10,22.833673000335693
combo_4,LS_Set2_Ranking,1,1,1,7,lc105,1160.6,10,829.0,1160.511613719967,10,828.9368669428337,True,61.114598512649536,2.5088796615600586,4,58.60564637184143
combo_4,LS_Set2_Ranking,1,1,1,7,lc106,1160.6,10,829.0,1160.511613719967,10,828.9368669428337,True,64.04698395729065,4.8436572551727295,4,59.20325064659119
combo_4,LS_Set2_Ranking,1,1,1,7,lc107,1160.6,10,829.0,1160.511613719967,10,828.9368669428337,True,62.432377576828,9.480228662490845,8,52.9520628452301
combo_4,LS_Set2_Ranking,1,1,1,7,lc108,1156.3999999999999,10,826.0,1157.0148873174508,10,826.4392052267506,True,60.775591135025024,16.800919771194458,14,43.9745876789093
combo_4,LS_Set2_Ranking,1,1,1,7,lc109,1361.36,9,1001.0,1158.943258572759,10,827.8166132662566,True,63.813600301742554,29.53489589691162,10,34.27863645553589
combo_4,LS_Set2_Ranking,1,1,1,7,lc201,663.0400000000001,3,592.0,662.5433434720816,3,591.5565566715013,True,63.42984986305237,5.0088818073272705,1,58.42090177536011
combo_4,LS_Set2_Ranking,1,1,1,7,lc202,663.0400000000001,3,592.0,662.5433434720816,3,591.5565566715013,True,64.6865131855011,4.193173408508301,4,60.49326968193054
combo_4,LS_Set2_Ranking,1,1,1,7,lc203,661.9200000000001,3,591.0,662.1142559143073,3,591.1734427806314,True,64.8031497001648,14.148347616195679,7,50.65474796295166
combo_4,LS_Set2_Ranking,1,1,1,7,lc204,661.9200000000001,3,591.0,705.9289139502642,3,630.2936731698787,True,64.13402676582336,64.13376212120056,9,24.168081760406494
combo_4,LS_Set2_Ranking,1,1,1,7,lc205,659.6800000000001,3,589.0,659.5410781718344,3,588.8759626534236,True,66.78172135353088,5.916739225387573,2,60.864914417266846
combo_4,LS_Set2_Ranking,1,1,1,7,lc206,658.5600000000001,3,588.0,659.1119906140601,3,588.4928487625536,True,61.877686500549316,15.278775453567505,6,46.598856687545776
combo_4,LS_Set2_Ranking,1,1,1,7,lc207,658.5600000000001,3,588.0,658.880679997358,3,588.2863214262125,True,60.99497699737549,27.881347179412842,5,33.11355686187744
combo_4,LS_Set2_Ranking,1,1,1,7,lc208,658.5600000000001,3,588.0,658.922656736287,3,588.323800657399,True,63.11162829399109,10.357388973236084,4,52.7541720867157
combo_4,LS_Set2_Ranking,1,1,1,7,lr101,2905.76,19,1651.0,2905.4066616450796,19,1650.799239571068,True,61.90929198265076,13.361939191818237,9,48.54723358154297
combo_4,LS_Set2_Ranking,1,1,1,7,lr102,2499.84,17,1488.0,2499.1183270546653,17,1487.570432770634,True,63.511266469955444,47.98379993438721,10,33.351146936416626
combo_4,LS_Set2_Ranking,1,1,1,7,lr103,1965.3600000000001,13,1293.0,1964.8667755364581,13,1292.675510221354,True,61.02281069755554,27.743334531784058,8,33.279414653778076
combo_4,LS_Set2_Ranking,1,1,1,7,lr104,1377.6799999999998,9,1013.0,1467.2765008486024,10,1048.0546434632874,True,62.79451894760132,45.16869759559631,11,27.621424198150635
combo_4,LS_Set2_Ranking,1,1,1,7,lr105,2148.12,14,1377.0,2148.2931879400417,14,1377.1110179102832,True,61.79377317428589,24.647345066070557,7,37.1463577747345
combo_4,LS_Set2_Ranking,1,1,1,7,lr106,1854.44,12,1253.0,1853.872648317519,12,1252.616654268594,True,64.47496318817139,48.067296743392944,15,17.191880702972412
combo_4,LS_Set2_Ranking,1,1,1,7,lr107,1555.3999999999999,10,1111.0,1555.8384463562165,10,1111.3131759687262,True,61.19930624961853,29.63685894012451,7,31.56237483024597
combo_4,LS_Set2_Ranking,1,1,1,7,lr108,1317.84,9,969.0,1317.7937858608357,9,968.9660190153205,True,63.105690240859985,16.167656660079956,11,46.937963008880615
combo_4,LS_Set2_Ranking,1,1,1,7,lr109,1740.96,11,1209.0,1853.8359670184418,12,1252.5918696070553,True,63.07520866394043,10.569340944290161,6,52.50579786300659
combo_4,LS_Set2_Ranking,1,1,1,7,lr110,1622.6,10,1159.0,1776.9106098509192,12,1200.6152769262967,True,60.77567005157471,37.46191954612732,9,23.313703775405884
combo_4,LS_Set2_Ranking,1,1,1,7,lr111,1552.6,10,1109.0,1552.4610226152101,10,1108.9007304394358,True,62.0815646648407,52.62825417518616,10,22.282153844833374
combo_4,LS_Set2_Ranking,1,1,1,7,lr112,1365.4399999999998,9,1004.0,1437.9659994686629,10,1027.118571049045,True,63.582067012786865,48.30290150642395,14,15.279066562652588
combo_4,LS_Set2_Ranking,1,1,1,7,lr201,1453.4799999999998,4,1253.0,1458.5436676989643,4,1257.3652307749694,True,62.6271698474884,9.61332368850708,5,53.013795375823975
combo_4,LS_Set2_Ranking,1,1,1,7,lr202,1341.7600000000002,3,1198.0,1485.6282159584537,4,1280.713979274529,True,67.67052698135376,63.33313727378845,11,38.70851373672485
combo_4,LS_Set2_Ranking,1,1,1,7,lr203,1062.88,3,949.0,1075.6631066735597,3,960.4134881013924,True,62.61948275566101,51.005223989486694,8,24.798044681549072
combo_4,LS_Set2_Ranking,1,1,1,7,lr204,916.9200000000001,2,849.0,1029.7979621516095,3,919.4624662067941,True,77.70561385154724,50.19422149658203,9,27.511324644088745
combo_4,LS_Set2_Ranking,1,1,1,7,lr205,1180.48,3,1054.0,1245.1947395869722,3,1111.781017488368,True,60.829466819763184,33.036821365356445,7,27.79260015487671
combo_4,LS_Set2_Ranking,1,1,1,7,lr206,1043.8400000000001,3,932.0,1051.55540751736,3,938.8887567119284,True,64.50357222557068,58.851887702941895,7,26.802123308181763
combo_4,LS_Set2_Ranking,1,1,1,7,lr207,975.24,2,903.0,1128.8302129987474,3,1007.8841187488814,True,73.36270260810852,48.12102293968201,8,25.2415714263916
combo_4,LS_Set2_Ranking,1,1,1,7,lr208,793.8000000000001,2,735.0,854.9657270252354,2,791.6349324307735,True,80.23690557479858,12.773725986480713,3,67.46313643455505
combo_4,LS_Set2_Ranking,1,1,1,7,lr209,1042.72,3,931.0,1199.9069678009164,4,1034.402558449066,True,70.87517166137695,70.87505078315735,14,29.194562673568726
combo_4,LS_Set2_Ranking,1,1,1,7,lr210,1079.68,3,964.0,1131.670636296619,3,1010.420210979124,True,65.72607493400574,48.00555396080017,10,28.55382513999939
combo_4,LS_Set2_Ranking,1,1,1,7,lr211,984.96,2,912.0,1065.0968913329302,3,950.9793672615447,True,60.0329852104187,39.82627749443054,9,20.206650495529175
combo_4,LS_Set2_Ranking,1,1,1,7,lrc101,2666.04,14,1709.0,2780.8344883319314,15,1738.021555207457,True,63.30730700492859,29.376997709274292,4,33.930255651474
combo_4,LS_Set2_Ranking,1,1,1,7,lrc102,2305.84,12,1558.0,2376.5966922452,13,1563.5504554244735,True,62.992958545684814,47.11964726448059,9,19.51809549331665
combo_4,LS_Set2_Ranking,1,1,1,7,lrc103,1812.96,11,1259.0,1812.5814501625084,11,1258.7371181684086,True,62.2433385848999,29.673259019851685,8,32.57002329826355
combo_4,LS_Set2_Ranking,1,1,1,7,lrc104,1579.1999999999998,10,1128.0,1580.9425885645917,10,1129.2447061175656,True,64.68587398529053,46.74070405960083,10,23.22826838493347
combo_4,LS_Set2_Ranking,1,1,1,7,lrc105,2489.76,13,1638.0,2620.26281725573,14,1679.6556520870065,True,62.73802351951599,59.609326124191284,10,29.487778902053833
combo_4,LS_Set2_Ranking,1,1,1,7,lrc106,2052.0,11,1425.0,2126.961616104312,12,1437.136227097508,True,61.81913709640503,24.93719244003296,6,36.88188433647156
combo_4,LS_Set2_Ranking,1,1,1,7,lrc107,1771.2,11,1230.0,1771.4085763352648,11,1230.1448446772672,True,63.25560545921326,62.88671398162842,8,42.34983444213867
combo_4,LS_Set2_Ranking,1,1,1,7,lrc108,1605.8,10,1147.0,1606.3954026359395,10,1147.4252875970997,True,63.57902932167053,34.40990662574768,14,29.16902780532837
combo_4,LS_Set2_Ranking,1,1,1,7,lrc201,1632.12,4,1407.0,1688.4225459885347,4,1455.5366775763232,True,63.4428288936615,41.17703437805176,9,22.265727996826172
combo_4,LS_Set2_Ranking,1,1,1,7,lrc202,1538.88,3,1374.0,1679.9868131261635,4,1448.264494074279,True,71.19867038726807,40.26525855064392,7,30.933322191238403
combo_4,LS_Set2_Ranking,1,1,1,7,lrc203,1219.68,3,1089.0,1317.4337900453102,3,1176.2801696833126,True,64.37477540969849,46.05766415596008,5,21.925124645233154
combo_4,LS_Set2_Ranking,1,1,1,7,lrc204,917.2800000000001,3,819.0,934.6717413543538,3,834.5283404949587,True,72.23672604560852,55.62472629547119,11,24.169670820236206
combo_4,LS_Set2_Ranking,1,1,1,7,lrc205,1510.32,4,1302.0,1513.6165671756055,4,1304.8418682548324,True,62.891249656677246,58.74311542510986,15,21.01299548149109
combo_4,LS_Set2_Ranking,1,1,1,7,lrc206,1298.0800000000002,3,1159.0,1302.4557431475787,3,1162.9069135246236,True,72.26934599876404,48.514933586120605,9,23.75435447692871
combo_4,LS_Set2_Ranking,1,1,1,7,lrc207,1189.44,3,1062.0,1192.1303027287659,3,1064.4020560078266,True,62.41971802711487,62.41961479187012,8,42.96311974525452
combo_4,LS_Set2_Ranking,1,1,1,7,lrc208,955.3600000000001,3,853.0,1026.1640909733626,3,916.2179383690737,True,67.1708402633667,67.17071866989136,9,42.83265042304993
combo_4,LS_Set2_Ranking,1,1,1,7,bar-n100-1,990.3529411764706,6,732.0,1062.058823529412,6,785.0,True,63.87707853317261,54.32676887512207,11,32.185527086257935
combo_4,LS_Set2_Ranking,1,1,1,7,bar-n100-2,707.8888888888888,5,554.0,755.1666666666666,5,591.0,True,63.241111516952515,33.81600069999695,8,29.425048351287842
combo_4,LS_Set2_Ranking,1,1,1,7,bar-n100-3,1009.2941176470589,6,746.0,1083.7058823529412,6,801.0,True,64.76569533348083,37.81494450569153,11,26.95069408416748
combo_4,LS_Set2_Ranking,1,1,1,7,bar-n100-4,2070.0,12,1150.0,2197.0666666666666,13,1177.0,True,62.17006874084473,46.6556499004364,11,15.514369010925293
combo_4,LS_Set2_Ranking,1,1,1,7,bar-n100-5,1102.6315789473686,6,838.0,1165.7894736842106,6,886.0,True,61.148133993148804,53.70991826057434,9,27.47477698326111
combo_4,LS_Set2_Ranking,1,1,1,7,bar-n100-6,935.75,3,788.0,1032.5,4,826.0,True,76.00612616539001,22.103105068206787,5,53.90296769142151
combo_4,LS_Set2_Ranking,1,1,1,7,ber-n100-1,3271.7647058823527,13,1854.0,3415.470588235294,14,1873.0,True,61.83884620666504,53.59363341331482,9,25.51053285598755
combo_4,LS_Set2_Ranking,1,1,1,7,ber-n100-2,2007.7647058823532,6,1484.0,2263.0588235294117,7,1603.0,True,66.84146499633789,50.23873996734619,8,25.129360914230347
combo_4,LS_Set2_Ranking,1,1,1,7,ber-n100-3,814.8571428571428,3,713.0,835.7142857142857,4,702.0,True,62.56102919578552,30.51524519920349,10,32.04572868347168
combo_4,LS_Set2_Ranking,1,1,1,7,ber-n100-4,572.0,3,494.0,585.8947368421053,3,506.0,True,65.96062397956848,60.78783082962036,7,44.139432430267334
combo_4,LS_Set2_Ranking,1,1,1,7,ber-n100-5,1206.2222222222222,5,944.0,1233.0555555555554,5,965.0,True,64.87286019325256,21.176824808120728,7,43.69596242904663
combo_4,LS_Set2_Ranking,1,1,1,7,ber-n100-6,4090.9333333333334,14,2116.0,4270.0,15,2135.0,True,63.953182220458984,28.101515769958496,10,35.85158705711365
combo_4,LS_Set2_Ranking,1,1,1,7,ber-n100-7,2647.8947368421054,7,1935.0,2862.0,8,2014.0,True,61.18942999839783,31.98656129837036,9,29.20280146598816
combo_4,LS_Set2_Ranking,1,1,1,7,nyc-n100-1,979.8181818181818,6,634.0,1047.8181818181818,6,678.0,True,64.5605697631836,55.47456502914429,7,23.435336112976074
combo_4,LS_Set2_Ranking,1,1,1,7,nyc-n100-2,767.7272727272727,4,563.0,855.2727272727273,5,588.0,True,64.15383815765381,27.752625226974487,5,36.40116786956787
combo_4,LS_Set2_Ranking,1,1,1,7,nyc-n100-3,637.0,3,490.0,695.8,4,497.0,True,72.90480184555054,66.26035690307617,6,22.087029933929443
combo_4,LS_Set2_Ranking,1,1,1,7,nyc-n100-4,624.1666666666667,2,535.0,727.5,3,582.0,True,76.36950922012329,72.3689980506897,5,19.957638025283813
combo_4,LS_Set2_Ranking,1,1,1,7,nyc-n100-5,790.6363636363636,2,669.0,860.3636363636364,3,676.0,True,82.29206037521362,50.842615365982056,2,31.44940972328186
combo_4,LS_Set2_Ranking,1,1,1,7,poa-n100-1,2698.7058823529414,12,1582.0,2911.7647058823527,13,1650.0,True,61.88262462615967,46.4004807472229,10,23.376193046569824
combo_4,LS_Set2_Ranking,1,1,1,7,poa-n100-2,2981.8125,15,1539.0,3210.0,16,1605.0,True,63.16926026344299,58.27421474456787,8,23.66350507736206
combo_4,LS_Set2_Ranking,1,1,1,7,poa-n100-3,1970.4736842105262,10,1291.0,2134.1052631578946,12,1308.0,True,62.46035313606262,58.56688046455383,12,33.22660255432129
combo_4,LS_Set2_Ranking,1,1,1,7,poa-n100-4,2262.0,7,1653.0,2312.210526315789,9,1569.0,True,61.159790992736816,30.62012815475464,6,30.539619207382202
combo_4,LS_Set2_Ranking,1,1,1,7,poa-n100-5,844.2352941176471,6,624.0,865.8823529411766,6,640.0,True,65.17933011054993,62.37963557243347,11,13.959596633911133
combo_4,LS_Set2_Ranking,1,1,1,7,poa-n100-6,655.6666666666667,3,562.0,696.5,3,597.0,True,76.68522715568542,76.68510818481445,7,26.595694303512573
combo_4,LS_Set2_Ranking,1,1,1,7,poa-n100-7,999.0588235294118,5,772.0,1018.764705882353,6,753.0,True,65.39132332801819,51.60626292228699,6,19.01872205734253
combo_5,LS_Set5_OneShot,1,1,1,12,lc101,1160.6,10,829.0,1431.441729831534,12,967.1903579942798,True,60.374340534210205,55.65033411979675,19,16.325998306274414
combo_5,LS_Set5_OneShot,1,1,1,12,lc102,1160.6,10,829.0,1580.0410434723924,11,1097.2507246336058,True,60.12963676452637,60.129335165023804,22,14.494062185287476
combo_5,LS_Set5_OneShot,1,1,1,12,lc103,1407.6,9,1035.0,1592.2671957254581,12,1075.8562133280122,True,60.269429206848145,56.75645422935486,27,6.787924528121948
combo_5,LS_Set5_OneShot,1,1,1,12,lc104,1169.6,9,860.0,1551.0843138580371,10,1107.9173670414552,True,60.39439296722412,45.47074270248413,22,14.92354702949524
combo_5,LS_Set5_OneShot,1,1,1,12,lc105,1160.6,10,829.0,1270.247367485809,10,907.3195482041494,True,60.11853814125061,58.279120206832886,25,17.2859308719635
combo_5,LS_Set5_OneShot,1,1,1,12,lc106,1160.6,10,829.0,1516.14534494093,11,1052.8787117645347,True,60.01203775405884,38.75107002258301,27,21.260873079299927
combo_5,LS_Set5_OneShot,1,1,1,12,lc107,1160.6,10,829.0,1454.380833646875,11,1009.9866900325522,True,60.00476622581482,59.09610676765442,25,16.827260732650757
combo_5,LS_Set5_OneShot,1,1,1,12,lc108,1156.3999999999999,10,826.0,1725.3908932289037,11,1198.1881202978498,True,60.4052050113678,60.269482374191284,29,8.825657606124878
combo_5,LS_Set5_OneShot,1,1,1,12,lc109,1361.36,9,1001.0,1532.4573048986836,10,1094.612360641917,True,60.00803184509277,59.511149406433105,24,10.996946096420288
combo_5,LS_Set5_OneShot,1,1,1,12,lc201,663.0400000000001,3,592.0,662.5433434720816,3,591.5565566715013,True,60.40385341644287,17.648923635482788,21,42.754817962646484
combo_5,LS_Set5_OneShot,1,1,1,12,lc202,663.0400000000001,3,592.0,662.5433434720817,3,591.5565566715014,True,60.36118173599243,23.31370496749878,19,37.04737615585327
combo_5,LS_Set5_OneShot,1,1,1,12,lc203,661.9200000000001,3,591.0,662.1142559143073,3,591.1734427806314,True,60.211851358413696,28.749151468276978,31,31.462617874145508
combo_5,LS_Set5_OneShot,1,1,1,12,lc204,661.9200000000001,3,591.0,732.8449036379573,3,654.3258068196046,True,60.342729806900024,44.27093505859375,30,16.071682691574097
combo_5,LS_Set5_OneShot,1,1,1,12,lc205,659.6800000000001,3,589.0,659.5410781718344,3,588.8759626534236,True,60.4500458240509,32.95826292037964,27,27.491677284240723
combo_5,LS_Set5_OneShot,1,1,1,12,lc206,658.5600000000001,3,588.0,659.1119906140601,3,588.4928487625536,True,60.47795248031616,47.94192838668823,28,24.744189023971558
combo_5,LS_Set5_OneShot,1,1,1,12,lc207,658.5600000000001,3,588.0,662.6158370100374,3,591.6212830446761,True,60.47121810913086,40.83924388885498,18,19.631852865219116
combo_5,LS_Set5_OneShot,1,1,1,12,lc208,658.5600000000001,3,588.0,658.922656736287,3,588.323800657399,True,60.200284242630005,23.888851165771484,23,36.311325788497925
combo_5,LS_Set5_OneShot,1,1,1,12,lr101,2905.76,19,1651.0,3040.293968469811,19,1727.4397548123925,True,60.254260778427124,42.65585970878601,12,18.513418912887573
combo_5,LS_Set5_OneShot,1,1,1,12,lr102,2499.84,17,1488.0,2796.1965242985657,17,1664.4026930348602,True,60.10251235961914,57.651979207992554,23,13.302242517471313
combo_5,LS_Set5_OneShot,1,1,1,12,lr103,1965.3600000000001,13,1293.0,2330.19681750668,14,1493.7159086581282,True,60.45890974998474,55.7438280582428,29,6.794927358627319
combo_5,LS_Set5_OneShot,1,1,1,12,lr104,1377.6799999999998,9,1013.0,1847.4316332484048,12,1248.264617059733,True,60.25709867477417,45.84809923171997,15,14.408909320831299
combo_5,LS_Set5_OneShot,1,1,1,12,lr105,2148.12,14,1377.0,2609.5093963175686,16,1591.1642660472978,True,60.141743421554565,50.715603828430176,18,18.607722997665405
combo_5,LS_Set5_OneShot,1,1,1,12,lr106,1854.44,12,1253.0,2285.6575766975384,15,1428.5359854359615,True,60.261250019073486,51.272931814193726,27,8.98822283744812
combo_5,LS_Set5_OneShot,1,1,1,12,lr107,1555.3999999999999,10,1111.0,2159.821438361953,13,1420.9351568170741,True,60.1335723400116,57.61445903778076,27,12.021312475204468
combo_5,LS_Set5_OneShot,1,1,1,12,lr108,1317.84,9,969.0,1787.406713875398,11,1241.254662413471,True,60.08955407142639,58.47050929069519,30,7.753296136856079
combo_5,LS_Set5_OneShot,1,1,1,12,lr109,1740.96,11,1209.0,2221.628438448471,14,1424.120793877225,True,60.19833564758301,59.11288571357727,25,9.059268951416016
combo_5,LS_Set5_OneShot,1,1,1,12,lr110,1622.6,10,1159.0,1985.6570845246076,12,1341.6601922463565,True,60.44924855232239,59.07581377029419,22,11.8622887134552
combo_5,LS_Set5_OneShot,1,1,1,12,lr111,1552.6,10,1109.0,1968.9803378246284,12,1330.392120151776,True,60.03644847869873,58.235098361968994,32,10.591194152832031
combo_5,LS_Set5_OneShot,1,1,1,12,lr112,1365.4399999999998,9,1004.0,1849.4502494715096,12,1249.6285469402092,True,60.36098265647888,52.15211868286133,16,21.04059147834778
combo_5,LS_Set5_OneShot,1,1,1,12,lr201,1453.4799999999998,4,1253.0,1474.9918721688737,4,1271.5447173869602,True,60.59028911590576,56.089457273483276,29,32.26160001754761
combo_5,LS_Set5_OneShot,1,1,1,12,lr202,1341.7600000000002,3,1198.0,1465.549419269998,4,1263.404671784481,True,60.05513906478882,49.503759145736694,34,15.752439975738525
combo_5,LS_Set5_OneShot,1,1,1,12,lr203,1062.88,3,949.0,1063.3239764151936,3,949.3964075135656,True,60.071821212768555,48.697065114974976,20,14.745807409286499
combo_5,LS_Set5_OneShot,1,1,1,12,lr204,916.9200000000001,2,849.0,1023.1683462201813,3,913.5431662680189,True,60.33427619934082,53.76241493225098,30,9.95320200920105
combo_5,LS_Set5_OneShot,1,1,1,12,lr205,1180.48,3,1054.0,1341.9014873988842,4,1156.8116270680036,True,60.21686935424805,51.714725971221924,20,11.155189514160156
combo_5,LS_Set5_OneShot,1,1,1,12,lr206,1043.8400000000001,3,932.0,1090.1821953015724,3,973.3769600906896,True,60.61407947540283,56.24227595329285,13,31.247512578964233
combo_5,LS_Set5_OneShot,1,1,1,12,lr207,975.24,2,903.0,1106.6914400488786,3,988.1173571864986,True,60.50495266914368,60.45908164978027,44,5.770782470703125
combo_5,LS_Set5_OneShot,1,1,1,12,lr208,793.8000000000001,2,735.0,894.355359092378,2,828.106813974424,True,60.71730327606201,58.78691554069519,13,44.09810709953308
combo_5,LS_Set5_OneShot,1,1,1,12,lr209,1042.72,3,931.0,1202.684703559215,4,1036.7971582407026,True,60.60253286361694,57.758716106414795,28,15.639697790145874
combo_5,LS_Set5_OneShot,1,1,1,12,lr210,1079.68,3,964.0,1147.4253540669113,3,1024.4869232740277,True,60.45281934738159,53.865227460861206,29,11.024471044540405
combo_5,LS_Set5_OneShot,1,1,1,12,lr211,984.96,2,912.0,1055.0418374495252,3,942.0016405799331,True,60.40517854690552,31.720431804656982,32,28.6846444606781
combo_5,LS_Set5_OneShot,1,1,1,12,lrc101,2666.04,14,1709.0,3174.640179775067,17,1889.6667736756349,True,60.24180245399475,53.514039039611816,24,10.3207106590271
combo_5,LS_Set5_OneShot,1,1,1,12,lrc102,2305.84,12,1558.0,2967.329577817334,16,1809.347303547155,True,60.19097828865051,55.05263423919678,21,7.620043516159058
combo_5,LS_Set5_OneShot,1,1,1,12,lrc103,1812.96,11,1259.0,2240.0841908758166,13,1473.7395992604056,True,60.070082664489746,56.03004765510559,26,8.147371530532837
combo_5,LS_Set5_OneShot,1,1,1,12,lrc104,1579.1999999999998,10,1128.0,2010.3874103168196,12,1358.3698718356889,True,60.38262963294983,56.48033356666565,36,7.025200843811035
combo_5,LS_Set5_OneShot,1,1,1,12,lrc105,2489.76,13,1638.0,3041.484376270871,16,1854.5636440676042,True,60.1738076210022,57.289525508880615,24,8.346378087997437
combo_5,LS_Set5_OneShot,1,1,1,12,lrc106,2052.0,11,1425.0,2594.8734046630952,14,1663.380387604548,True,60.601309061050415,57.36415362358093,18,17.139235258102417
combo_5,LS_Set5_OneShot,1,1,1,12,lrc107,1771.2,11,1230.0,2277.311869921125,13,1498.2314933691612,True,60.45040416717529,59.8957884311676,32,13.919755220413208
combo_5,LS_Set5_OneShot,1,1,1,12,lrc108,1605.8,10,1147.0,2050.8596875920657,13,1349.2497944684644,True,60.25805640220642,58.40175151824951,28,10.758251905441284
combo_5,LS_Set5_OneShot,1,1,1,12,lrc201,1632.12,4,1407.0,1728.604079117624,5,1440.5033992646868,True,60.0781033039093,31.88508701324463,31,28.192918062210083
combo_5,LS_Set5_OneShot,1,1,1,12,lrc202,1538.88,3,1374.0,1715.112048876259,4,1478.544869720913,True,60.18084263801575,59.80685234069824,32,17.663249254226685
combo_5,LS_Set5_OneShot,1,1,1,12,lrc203,1219.68,3,1089.0,1327.7597430738415,4,1144.6204681671047,True,60.14724779129028,29.650559902191162,32,30.49657368659973
combo_5,LS_Set5_OneShot,1,1,1,12,lrc204,917.2800000000001,3,819.0,1011.2426853444464,4,871.7609356417641,True,60.256831407547,18.31709337234497,21,41.93963599205017
combo_5,LS_Set5_OneShot,1,1,1,12,lrc205,1510.32,4,1302.0,1542.516907730634,4,1329.755954940202,True,60.29523825645447,59.00044631958008,32,14.573622703552246
combo_5,LS_Set5_OneShot,1,1,1,12,lrc206,1298.0800000000002,3,1159.0,1391.1761269445694,4,1199.2897646073875,True,60.010725259780884,32.95483875274658,17,27.055779457092285
combo_5,LS_Set5_OneShot,1,1,1,12,lrc207,1189.44,3,1062.0,1192.1303027287659,3,1064.4020560078266,True,60.573132276535034,58.59056997299194,27,26.186697006225586
combo_5,LS_Set5_OneShot,1,1,1,12,lrc208,955.3600000000001,3,853.0,982.3968267862257,3,877.1400239162729,True,60.09980535507202,19.586393117904663,23,40.51328492164612
combo_5,LS_Set5_OneShot,1,1,1,12,bar-n100-1,990.3529411764706,6,732.0,1197.1764705882351,7,848.0,True,60.24536466598511,57.99702787399292,21,9.693891286849976
combo_5,LS_Set5_OneShot,1,1,1,12,bar-n100-2,707.8888888888888,5,554.0,773.0555555555555,5,605.0,True,60.1828453540802,51.95355200767517,26,8.229166984558105
combo_5,LS_Set5_OneShot,1,1,1,12,bar-n100-3,1009.2941176470589,6,746.0,1192.941176470588,7,845.0,True,60.06970405578613,56.26648211479187,28,13.298113107681274
combo_5,LS_Set5_OneShot,1,1,1,12,bar-n100-4,2070.0,12,1150.0,2254.9333333333334,13,1208.0,True,60.231520891189575,51.74866962432861,30,9.866865158081055
combo_5,LS_Set5_OneShot,1,1,1,12,bar-n100-5,1102.6315789473686,6,838.0,1298.6315789473686,7,949.0,True,60.03258013725281,52.77376580238342,23,16.304776430130005
combo_5,LS_Set5_OneShot,1,1,1,12,bar-n100-6,935.75,3,788.0,1036.25,4,829.0,True,60.04449248313904,57.043986797332764,29,12.697361707687378
combo_5,LS_Set5_OneShot,1,1,1,12,ber-n100-1,3271.7647058823527,13,1854.0,3646.1176470588234,15,1937.0,True,60.185338497161865,47.432016372680664,21,12.753235101699829
combo_5,LS_Set5_OneShot,1,1,1,12,ber-n100-2,2007.7647058823532,6,1484.0,2457.882352941176,7,1741.0,True,60.2340133190155,55.0640287399292,21,8.886204957962036
combo_5,LS_Set5_OneShot,1,1,1,12,ber-n100-3,814.8571428571428,3,713.0,838.0952380952381,4,704.0,True,60.44293236732483,52.742937088012695,34,10.76973557472229
combo_5,LS_Set5_OneShot,1,1,1,12,ber-n100-4,572.0,3,494.0,597.4736842105264,3,516.0,True,60.001266956329346,59.27838730812073,42,5.645312070846558
combo_5,LS_Set5_OneShot,1,1,1,12,ber-n100-5,1206.2222222222222,5,944.0,1335.2777777777776,5,1045.0,True,60.42654204368591,57.37349843978882,28,17.86674976348877
combo_5,LS_Set5_OneShot,1,1,1,12,ber-n100-6,4090.9333333333334,14,2116.0,4438.0,15,2219.0,True,60.08280301094055,59.40279245376587,34,7.31743311882019
combo_5,LS_Set5_OneShot,1,1,1,12,ber-n100-7,2647.8947368421054,7,1935.0,3102.157894736842,8,2183.0,True,60.07014513015747,57.802958726882935,30,16.158580780029297
combo_5,LS_Set5_OneShot,1,1,1,12,nyc-n100-1,979.8181818181818,6,634.0,1066.3636363636363,6,690.0,True,60.570392370224,52.52773857116699,27,18.07874369621277
combo_5,LS_Set5_OneShot,1,1,1,12,nyc-n100-2,767.7272727272727,4,563.0,910.5454545454546,5,626.0,True,60.105262756347656,55.86454892158508,28,9.025850057601929
combo_5,LS_Set5_OneShot,1,1,1,12,nyc-n100-3,637.0,3,490.0,679.0,4,485.0,True,60.008711099624634,52.752681493759155,31,12.410391330718994
combo_5,LS_Set5_OneShot,1,1,1,12,nyc-n100-4,624.1666666666667,2,535.0,721.25,3,577.0,True,60.00739049911499,58.47592616081238,41,9.622399091720581
combo_5,LS_Set5_OneShot,1,1,1,12,nyc-n100-5,790.6363636363636,2,669.0,861.6363636363636,3,677.0,True,60.5968291759491,60.54932403564453,39,9.836991786956787
combo_5,LS_Set5_OneShot,1,1,1,12,poa-n100-1,2698.7058823529414,12,1582.0,3132.8235294117644,14,1718.0,True,60.06021475791931,55.91525745391846,22,12.152276039123535
combo_5,LS_Set5_OneShot,1,1,1,12,poa-n100-2,2981.8125,15,1539.0,3438.0,16,1719.0,True,60.318177461624146,46.61034870147705,28,13.707727432250977
combo_5,LS_Set5_OneShot,1,1,1,12,poa-n100-3,1970.4736842105262,10,1291.0,2189.578947368421,12,1342.0,True,60.12361121177673,59.71680760383606,23,12.65939736366272
combo_5,LS_Set5_OneShot,1,1,1,12,poa-n100-4,2262.0,7,1653.0,2496.4210526315787,9,1694.0,True,60.166592836380005,59.765549421310425,15,14.503629922866821
combo_5,LS_Set5_OneShot,1,1,1,12,poa-n100-5,844.2352941176471,6,624.0,1000.9411764705882,7,709.0,True,60.083712100982666,51.21081805229187,26,16.713261127471924
combo_5,LS_Set5_OneShot,1,1,1,12,poa-n100-6,655.6666666666667,3,562.0,704.6666666666667,3,604.0,True,60.79533839225769,54.21723008155823,44,6.577990293502808
combo_5,LS_Set5_OneShot,1,1,1,12,poa-n100-7,999.0588235294118,5,772.0,1026.8823529411766,6,759.0,True,60.19228267669678,54.580371618270874,17,14.551108837127686
combo_6,LS_Set5_Ranking,1,1,1,13,lc101,1160.6,10,829.0,1160.511613719967,10,828.9368669428337,True,63.09093165397644,21.678268671035767,13,41.412596702575684
combo_6,LS_Set5_Ranking,1,1,1,13,lc102,1160.6,10,829.0,1160.511613719967,10,828.9368669428337,True,64.63627791404724,23.81966757774353,11,40.81654191017151
combo_6,LS_Set5_Ranking,1,1,1,13,lc103,1407.6,9,1035.0,1159.0105788377905,10,827.8646991698504,True,62.74704837799072,55.263592004776,15,13.542659521102905
combo_6,LS_Set5_Ranking,1,1,1,13,lc104,1169.6,9,860.0,1146.0399771180337,10,818.5999836557384,True,63.80371403694153,63.80352592468262,19,8.526611328125
combo_6,LS_Set5_Ranking,1,1,1,13,lc105,1160.6,10,829.0,1160.511613719967,10,828.9368669428337,True,63.1998929977417,18.297866344451904,13,44.901973485946655
combo_6,LS_Set5_Ranking,1,1,1,13,lc106,1160.6,10,829.0,1160.511613719967,10,828.9368669428337,True,62.5518364906311,16.500218868255615,13,46.05155158042908
combo_6,LS_Set5_Ranking,1,1,1,13,lc107,1160.6,10,829.0,1160.5116137199673,10,828.9368669428338,True,61.803391456604004,30.181154251098633,11,31.622148036956787
combo_6,LS_Set5_Ranking,1,1,1,13,lc108,1156.3999999999999,10,826.0,1157.0148873174505,10,826.4392052267505,True,63.69150638580322,31.25964331626892,19,32.43173837661743
combo_6,LS_Set5_Ranking,1,1,1,13,lc109,1361.36,9,1001.0,1158.943258572759,10,827.8166132662566,True,63.288220167160034,50.96763753890991,25,12.32048773765564
combo_6,LS_Set5_Ranking,1,1,1,13,lc201,663.0400000000001,3,592.0,662.5433434720816,3,591.5565566715013,True,77.70104336738586,20.969534635543823,2,56.73144793510437
combo_6,LS_Set5_Ranking,1,1,1,13,lc202,663.0400000000001,3,592.0,662.5433434720816,3,591.5565566715013,True,70.26164031028748,46.94839596748352,4,23.313157558441162
combo_6,LS_Set5_Ranking,1,1,1,13,lc203,661.9200000000001,3,591.0,662.1142559143073,3,591.1734427806314,True,68.9736909866333,65.1706874370575,6,18.47816514968872
combo_6,LS_Set5_Ranking,1,1,1,13,lc204,661.9200000000001,3,591.0,760.7477028226848,3,679.2390203773971,True,78.65724182128906,69.15193462371826,12,22.333545684814453
combo_6,LS_Set5_Ranking,1,1,1,13,lc205,659.6800000000001,3,589.0,659.5410781718344,3,588.8759626534236,True,60.5818133354187,29.503767490386963,3,31.07797932624817
combo_6,LS_Set5_Ranking,1,1,1,13,lc206,658.5600000000001,3,588.0,659.1119906140601,3,588.4928487625536,True,67.15938830375671,37.15886068344116,3,30.000484466552734
combo_6,LS_Set5_Ranking,1,1,1,13,lc207,658.5600000000001,3,588.0,658.880679997358,3,588.2863214262125,True,65.90480399131775,52.071715354919434,3,28.60803747177124
combo_6,LS_Set5_Ranking,1,1,1,13,lc208,658.5600000000001,3,588.0,658.922656736287,3,588.323800657399,True,66.7800886631012,51.70123243331909,5,15.07881212234497
combo_6,LS_Set5_Ranking,1,1,1,13,lr101,2905.76,19,1651.0,2905.4066616450796,19,1650.799239571068,True,61.07430052757263,32.98337459564209,11,28.090883255004883
combo_6,LS_Set5_Ranking,1,1,1,13,lr102,2499.84,17,1488.0,2499.1183270546658,17,1487.5704327706342,True,61.96549868583679,57.82596707344055,15,19.00251293182373
combo_6,LS_Set5_Ranking,1,1,1,13,lr103,1965.3600000000001,13,1293.0,1964.8667755364584,13,1292.6755102213542,True,63.07507276535034,38.06873059272766,13,25.00626254081726
combo_6,LS_Set5_Ranking,1,1,1,13,lr104,1377.6799999999998,9,1013.0,1442.8377516480352,10,1030.598394034311,True,63.55179452896118,61.723549604415894,25,7.117338418960571
combo_6,LS_Set5_Ranking,1,1,1,13,lr105,2148.12,14,1377.0,2148.2931879400417,14,1377.1110179102832,True,62.191123962402344,9.51858901977539,4,52.67247557640076
combo_6,LS_Set5_Ranking,1,1,1,13,lr106,1854.44,12,1253.0,1853.872648317519,12,1252.616654268594,True,63.3563334941864,15.853751182556152,13,47.50252032279968
combo_6,LS_Set5_Ranking,1,1,1,13,lr107,1555.3999999999999,10,1111.0,1639.5267721980445,11,1138.5602584708643,True,61.21107578277588,51.90983605384827,19,9.301171779632568
combo_6,LS_Set5_Ranking,1,1,1,13,lr108,1317.84,9,969.0,1317.7937858608357,9,968.9660190153205,True,64.90100359916687,30.35494875907898,12,34.54593849182129
combo_6,LS_Set5_Ranking,1,1,1,13,lr109,1740.96,11,1209.0,1831.8156692541033,12,1237.7132900365564,True,62.67347288131714,47.11078715324402,15,15.562631845474243
combo_6,LS_Set5_Ranking,1,1,1,13,lr110,1622.6,10,1159.0,1759.5267280301687,11,1221.8935611320617,True,60.867509841918945,31.907825708389282,12,28.959569692611694
combo_6,LS_Set5_Ranking,1,1,1,13,lr111,1552.6,10,1109.0,1629.4717319716065,11,1131.577591646949,True,63.91343879699707,60.91973948478699,15,31.722570657730103
combo_6,LS_Set5_Ranking,1,1,1,13,lr112,1365.4399999999998,9,1004.0,1495.1465549289012,10,1067.9618249492153,True,60.25182247161865,54.59663438796997,19,12.803296327590942
combo_6,LS_Set5_Ranking,1,1,1,13,lr201,1453.4799999999998,4,1253.0,1616.5314884754785,4,1393.5616279961023,True,69.85774421691895,54.20566487312317,6,20.14708948135376
combo_6,LS_Set5_Ranking,1,1,1,13,lr202,1341.7600000000002,3,1198.0,1540.6389291329183,4,1328.1370078732054,True,81.17877221107483,66.31550812721252,9,24.4137704372406
combo_6,LS_Set5_Ranking,1,1,1,13,lr203,1062.88,3,949.0,1345.0415077875339,3,1200.9299176674408,True,75.27984619140625,53.410295248031616,5,21.869510173797607
combo_6,LS_Set5_Ranking,1,1,1,13,lr204,916.9200000000001,2,849.0,1128.665421433909,3,1007.7369834231329,True,83.13661074638367,80.50905585289001,4,35.86147212982178
combo_6,LS_Set5_Ranking,1,1,1,13,lr205,1180.48,3,1054.0,1456.4751920818485,4,1255.5820621395246,True,71.04298830032349,66.76284909248352,5,22.67036461830139
combo_6,LS_Set5_Ranking,1,1,1,13,lr206,1043.8400000000001,3,932.0,1409.5929681418888,4,1215.1663518464559,True,76.87422370910645,76.87412166595459,5,21.194981575012207
combo_6,LS_Set5_Ranking,1,1,1,13,lr207,975.24,2,903.0,1141.5554934903298,3,1019.2459763306515,True,77.56612133979797,58.439982175827026,4,26.794814586639404
combo_6,LS_Set5_Ranking,1,1,1,13,lr208,793.8000000000001,2,735.0,956.4466714383468,2,885.5987698503211,True,83.50255751609802,52.20113468170166,3,32.24401617050171
combo_6,LS_Set5_Ranking,1,1,1,13,lr209,1042.72,3,931.0,1215.7848815529326,4,1048.0904151318384,True,72.04641795158386,66.01890516281128,10,19.883115530014038
combo_6,LS_Set5_Ranking,1,1,1,13,lr210,1079.68,3,964.0,1265.2043948685744,4,1090.6934438522194,True,79.74857449531555,77.766756772995,6,23.16060185432434
combo_6,LS_Set5_Ranking,1,1,1,13,lr211,984.96,2,912.0,1105.7092011281043,3,987.2403581500929,True,62.75143575668335,48.25604176521301,6,18.975167274475098
combo_6,LS_Set5_Ranking,1,1,1,13,lrc101,2666.04,14,1709.0,2742.3739510645573,15,1713.983719415348,True,64.00161147117615,30.721303462982178,15,33.28020977973938
combo_6,LS_Set5_Ranking,1,1,1,13,lrc102,2305.84,12,1558.0,2526.3567358464243,14,1619.4594460554001,True,62.43991684913635,57.74270510673523,20,12.494018316268921
combo_6,LS_Set5_Ranking,1,1,1,13,lrc103,1812.96,11,1259.0,1812.5814501625086,11,1258.7371181684089,True,62.3603413105011,55.54848599433899,14,14.604427814483643
combo_6,LS_Set5_Ranking,1,1,1,13,lrc104,1579.1999999999998,10,1128.0,1588.2845199218773,10,1134.488942801341,True,60.006325006484985,41.27219009399414,16,18.734065532684326
combo_6,LS_Set5_Ranking,1,1,1,13,lrc105,2489.76,13,1638.0,2489.1890748825426,13,1637.624391370094,True,62.73926544189453,36.00077247619629,8,26.73843502998352
combo_6,LS_Set5_Ranking,1,1,1,13,lrc106,2052.0,11,1425.0,2264.693064351473,12,1530.198016453698,True,63.698057889938354,52.016154289245605,16,23.24691367149353
combo_6,LS_Set5_Ranking,1,1,1,13,lrc107,1771.2,11,1230.0,1771.4085763352648,11,1230.1448446772672,True,63.16773080825806,53.24874258041382,21,10.689430475234985
combo_6,LS_Set5_Ranking,1,1,1,13,lrc108,1605.8,10,1147.0,1626.9228762037583,10,1162.0877687169702,True,61.45485162734985,45.52010703086853,20,15.934684991836548
combo_6,LS_Set5_Ranking,1,1,1,13,lrc201,1632.12,4,1407.0,1876.5480853009528,5,1563.7900710841275,True,73.97840213775635,72.85908079147339,13,14.522866487503052
combo_6,LS_Set5_Ranking,1,1,1,13,lrc202,1538.88,3,1374.0,1666.4090346272178,4,1436.5595126096707,True,74.58641934394836,65.24135065078735,7,17.98974633216858
combo_6,LS_Set5_Ranking,1,1,1,13,lrc203,1219.68,3,1089.0,1442.0370141815856,4,1243.1353570530912,True,67.18009209632874,58.486783266067505,7,19.20127248764038
combo_6,LS_Set5_Ranking,1,1,1,13,lrc204,917.2800000000001,3,819.0,1087.1549621295694,4,937.2025535599737,True,77.99348902702332,54.727261781692505,5,23.266175985336304
combo_6,LS_Set5_Ranking,1,1,1,13,lrc205,1510.32,4,1302.0,1710.2540755927891,4,1474.3569617179219,True,66.24833297729492,51.945446729660034,7,20.114347457885742
combo_6,LS_Set5_Ranking,1,1,1,13,lrc206,1298.0800000000002,3,1159.0,1516.4254480455663,4,1307.2633172806607,True,64.1882095336914,58.947758197784424,9,12.28369402885437
combo_6,LS_Set5_Ranking,1,1,1,13,lrc207,1189.44,3,1062.0,1332.3630166624805,3,1189.609836305786,True,77.7868378162384,62.232311964035034,11,16.804349899291992
combo_6,LS_Set5_Ranking,1,1,1,13,lrc208,955.3600000000001,3,853.0,1176.483177704518,3,1050.4314086647482,True,71.05072832107544,67.72298336029053,11,16.819836616516113
combo_6,LS_Set5_Ranking,1,1,1,13,bar-n100-1,990.3529411764706,6,732.0,1081.0,6,799.0,True,61.591129541397095,23.99082612991333,7,37.60024690628052
combo_6,LS_Set5_Ranking,1,1,1,13,bar-n100-2,707.8888888888888,5,554.0,765.3333333333333,6,574.0,True,61.188127279281616,55.68705749511719,11,15.682770490646362
combo_6,LS_Set5_Ranking,1,1,1,13,bar-n100-3,1009.2941176470589,6,746.0,1075.5882352941178,6,795.0,True,62.62620544433594,58.389089822769165,11,12.561463594436646
combo_6,LS_Set5_Ranking,1,1,1,13,bar-n100-4,2070.0,12,1150.0,2232.5333333333333,13,1196.0,True,63.0150260925293,59.914257526397705,26,10.978510856628418
combo_6,LS_Set5_Ranking,1,1,1,13,bar-n100-5,1102.6315789473686,6,838.0,1230.2105263157896,7,899.0,True,61.56301403045654,57.52903485298157,13,21.985008001327515
combo_6,LS_Set5_Ranking,1,1,1,13,bar-n100-6,935.75,3,788.0,1050.0,4,840.0,True,75.3942129611969,75.39410591125488,13,11.209205865859985
combo_6,LS_Set5_Ranking,1,1,1,13,ber-n100-1,3271.7647058823527,13,1854.0,3461.0588235294117,14,1898.0,True,60.374035120010376,51.966721057891846,20,12.355945587158203
combo_6,LS_Set5_Ranking,1,1,1,13,ber-n100-2,2007.7647058823532,6,1484.0,2346.3529411764703,7,1662.0,True,60.83743333816528,56.38562870025635,14,12.584595203399658
combo_6,LS_Set5_Ranking,1,1,1,13,ber-n100-3,814.8571428571428,3,713.0,864.2857142857143,4,726.0,True,71.12028336524963,67.53139734268188,8,22.914430141448975
combo_6,LS_Set5_Ranking,1,1,1,13,ber-n100-4,572.0,3,494.0,634.5263157894738,3,548.0,True,79.51063537597656,60.92453408241272,5,45.998016357421875
combo_6,LS_Set5_Ranking,1,1,1,13,ber-n100-5,1206.2222222222222,5,944.0,1263.7222222222222,5,989.0,True,64.60838508605957,35.736510038375854,5,28.871824502944946
combo_6,LS_Set5_Ranking,1,1,1,13,ber-n100-6,4090.9333333333334,14,2116.0,4392.0,15,2196.0,True,62.47252178192139,57.60849165916443,12,14.286696195602417
combo_6,LS_Set5_Ranking,1,1,1,13,ber-n100-7,2647.8947368421054,7,1935.0,2964.315789473684,8,2086.0,True,64.92123103141785,63.67907452583313,15,13.243889808654785
combo_6,LS_Set5_Ranking,1,1,1,13,nyc-n100-1,979.8181818181818,6,634.0,1049.3636363636363,6,679.0,True,66.532723903656,66.53260517120361,13,17.031977653503418
combo_6,LS_Set5_Ranking,1,1,1,13,nyc-n100-2,767.7272727272727,4,563.0,875.6363636363636,5,602.0,True,69.90612697601318,64.10420799255371,8,18.421549320220947
combo_6,LS_Set5_Ranking,1,1,1,13,nyc-n100-3,637.0,3,490.0,705.5999999999999,4,504.0,True,74.80121421813965,51.92720890045166,7,22.873957633972168
combo_6,LS_Set5_Ranking,1,1,1,13,nyc-n100-4,624.1666666666667,2,535.0,755.0,3,604.0,True,94.95817875862122,76.94080853462219,5,21.75800347328186
combo_6,LS_Set5_Ranking,1,1,1,13,nyc-n100-5,790.6363636363636,2,669.0,893.4545454545455,3,702.0,True,102.48827743530273,87.93645000457764,7,33.60101795196533
combo_6,LS_Set5_Ranking,1,1,1,13,poa-n100-1,2698.7058823529414,12,1582.0,3026.470588235294,13,1715.0,True,62.74453520774841,46.314979553222656,10,18.612794637680054
combo_6,LS_Set5_Ranking,1,1,1,13,poa-n100-2,2981.8125,15,1539.0,3346.0,16,1673.0,True,62.971638679504395,61.55053782463074,14,13.683967590332031
combo_6,LS_Set5_Ranking,1,1,1,13,poa-n100-3,1970.4736842105262,10,1291.0,2171.6315789473683,12,1331.0,True,63.24350619316101,51.92629528045654,15,16.956493139266968
combo_6,LS_Set5_Ranking,1,1,1,13,poa-n100-4,2262.0,7,1653.0,2365.2631578947367,9,1605.0,True,63.17030882835388,63.170202016830444,10,13.34797215461731
combo_6,LS_Set5_Ranking,1,1,1,13,poa-n100-5,844.2352941176471,6,624.0,910.529411764706,6,673.0,True,65.14384365081787,64.20318627357483,19,12.725481271743774
combo_6,LS_Set5_Ranking,1,1,1,13,poa-n100-6,655.6666666666667,3,562.0,697.6666666666667,3,598.0,True,70.72372174263,56.98946809768677,6,17.36124563217163
combo_6,LS_Set5_Ranking,1,1,1,13,poa-n100-7,999.0588235294118,5,772.0,1028.235294117647,6,760.0,True,61.95939517021179,52.30748224258423,12,21.071977138519287
