Combination_ID,Selection_Idx,Crossover_Idx,Mutation_Idx,LocalSearch_Idx,Instance,BKS_Fitness,BKS_Vehicles,Best_Fitness,Best_Vehicles,Best_Distance,Is_Feasible,Total_Time,Time_To_Best,Num_Improvements,Longest_Stagnation
combo_0,0,0,0,0,lc101,1160.6,10,1160.511613719967,10,828.9368669428337,True,60.28511023521423,36.30737233161926,13,23.979509830474854
combo_0,0,0,0,0,lc102,1160.6,10,1160.5116137199673,10,828.9368669428338,True,60.1827495098114,36.30737233161926,13,23.979509830474854
combo_0,0,0,0,0,lc103,1407.6,9,1159.0105788377905,10,827.8646991698504,True,61.06129240989685,36.30737233161926,13,23.979509830474854
combo_0,0,0,0,0,lc104,1169.6,9,1146.0399771180334,10,818.5999836557382,True,60.94697690010071,36.30737233161926,13,23.979509830474854
combo_0,0,0,0,0,lc105,1160.6,10,1160.511613719967,10,828.9368669428337,True,60.131771087646484,36.30737233161926,13,23.979509830474854
combo_0,0,0,0,0,lc106,1160.6,10,1160.5116137199673,10,828.9368669428338,True,60.93941926956177,36.30737233161926,13,23.979509830474854
combo_0,0,0,0,0,lc107,1160.6,10,1160.5116137199673,10,828.9368669428338,True,60.64672112464905,36.30737233161926,13,23.979509830474854
combo_0,0,0,0,0,lc108,1156.3999999999999,10,1157.0148873174508,10,826.4392052267506,True,61.195053577423096,36.30737233161926,13,23.979509830474854
combo_0,0,0,0,0,lc109,1361.36,9,1158.943258572759,10,827.8166132662566,True,60.68596577644348,36.30737233161926,13,23.979509830474854
combo_0,0,0,0,0,lc201,663.0400000000001,3,662.5433434720816,3,591.5565566715013,True,60.150192737579346,36.30737233161926,13,23.979509830474854
combo_0,0,0,0,0,lc202,663.0400000000001,3,662.5433434720816,3,591.5565566715013,True,60.381388425827026,36.30737233161926,13,23.979509830474854
combo_0,0,0,0,0,lc203,661.9200000000001,3,662.1142559143073,3,591.1734427806314,True,60.38206481933594,36.30737233161926,13,23.979509830474854
combo_0,0,0,0,0,lc204,661.9200000000001,3,668.3728318720863,3,596.7614570286485,True,60.92976212501526,36.30737233161926,13,23.979509830474854
combo_0,0,0,0,0,lc205,659.6800000000001,3,659.5410781718344,3,588.8759626534236,True,61.53166151046753,36.30737233161926,13,23.979509830474854
combo_0,0,0,0,0,lc206,658.5600000000001,3,659.1119906140601,3,588.4928487625536,True,60.51170372962952,36.30737233161926,13,23.979509830474854
combo_0,0,0,0,0,lc207,658.5600000000001,3,658.880679997358,3,588.2863214262125,True,61.8857638835907,36.30737233161926,13,23.979509830474854
combo_0,0,0,0,0,lc208,658.5600000000001,3,662.6166081276881,3,591.6219715425786,True,60.274669885635376,36.30737233161926,13,23.979509830474854
combo_0,0,0,0,0,lr101,2905.76,19,2905.4066616450796,19,1650.799239571068,True,60.998783349990845,36.30737233161926,13,23.979509830474854
combo_0,0,0,0,0,lr102,2499.84,17,2499.1183270546658,17,1487.5704327706342,True,60.92768883705139,36.30737233161926,13,23.979509830474854
combo_0,0,0,0,0,lr103,1965.3600000000001,13,1964.8667755364577,13,1292.6755102213538,True,61.156110763549805,36.30737233161926,13,23.979509830474854
combo_0,0,0,0,0,lr104,1377.6799999999998,9,1493.7973496876698,10,1066.9981069197643,True,60.47097945213318,36.30737233161926,13,23.979509830474854
combo_0,0,0,0,0,lr105,2148.12,14,2148.2931879400417,14,1377.1110179102832,True,60.5433669090271,36.30737233161926,13,23.979509830474854
combo_0,0,0,0,0,lr106,1854.44,12,1853.872648317519,12,1252.616654268594,True,60.577242374420166,36.30737233161926,13,23.979509830474854
combo_0,0,0,0,0,lr107,1555.3999999999999,10,1555.8384463562165,10,1111.3131759687262,True,60.61654090881348,36.30737233161926,13,23.979509830474854
combo_0,0,0,0,0,lr108,1317.84,9,1317.7937858608357,9,968.9660190153205,True,60.56192946434021,36.30737233161926,13,23.979509830474854
combo_0,0,0,0,0,lr109,1740.96,11,1855.006790550252,12,1253.382966588008,True,60.68543982505798,36.30737233161926,13,23.979509830474854
combo_0,0,0,0,0,lr110,1622.6,10,1792.7650229554358,12,1211.3277182131324,True,60.023396492004395,36.30737233161926,13,23.979509830474854
combo_0,0,0,0,0,lr111,1552.6,10,1552.4610226152104,10,1108.900730439436,True,60.94313144683838,36.30737233161926,13,23.979509830474854
combo_0,0,0,0,0,lr112,1365.4399999999998,9,1365.1231170089493,9,1003.7669978006982,True,61.237884759902954,36.30737233161926,13,23.979509830474854
combo_0,0,0,0,0,lr201,1453.4799999999998,4,1453.7514043481353,4,1253.233969265634,True,60.24923515319824,36.30737233161926,13,23.979509830474854
combo_0,0,0,0,0,lr202,1341.7600000000002,3,1450.1193718544444,4,1250.1029067710729,True,61.105056285858154,36.30737233161926,13,23.979509830474854
combo_0,0,0,0,0,lr203,1062.88,3,1068.4012076140611,3,953.9296496554117,True,61.61932682991028,36.30737233161926,13,23.979509830474854
combo_0,0,0,0,0,lr204,916.9200000000001,2,999.9889870274528,3,892.8473098459399,True,60.26183581352234,36.30737233161926,13,23.979509830474854
combo_0,0,0,0,0,lr205,1180.48,3,1180.500865911688,3,1054.0186302782927,True,61.57955241203308,36.30737233161926,13,23.979509830474854
combo_0,0,0,0,0,lr206,1043.8400000000001,3,1043.4204878577468,3,931.625435587274,True,66.90159344673157,36.30737233161926,13,23.979509830474854
combo_0,0,0,0,0,lr207,975.24,2,1044.3667256217525,3,932.4702907337074,True,60.560349464416504,36.30737233161926,13,23.979509830474854
combo_0,0,0,0,0,lr208,793.8000000000001,2,793.6358791024517,2,734.8480362059737,True,70.42324447631836,36.30737233161926,13,23.979509830474854
combo_0,0,0,0,0,lr209,1042.72,3,1102.4744191465247,3,984.3521599522542,True,61.056849241256714,36.30737233161926,13,23.979509830474854
combo_0,0,0,0,0,lr210,1079.68,3,1079.9303900567684,3,964.223562550686,True,64.30924701690674,36.30737233161926,13,23.979509830474854
combo_0,0,0,0,0,lr211,984.96,2,1049.782931745567,3,937.3061890585419,True,62.11959934234619,36.30737233161926,13,23.979509830474854
combo_0,0,0,0,0,lrc101,2666.04,14,2725.1432243917397,15,1703.2145152448372,True,60.88486456871033,36.30737233161926,13,23.979509830474854
combo_0,0,0,0,0,lrc102,2305.84,12,2399.7049577923713,13,1578.7532617055074,True,60.848421573638916,36.30737233161926,13,23.979509830474854
combo_0,0,0,0,0,lrc103,1812.96,11,1812.5814501625086,11,1258.7371181684089,True,61.17162084579468,36.30737233161926,13,23.979509830474854
combo_0,0,0,0,0,lrc104,1579.1999999999998,10,1579.7616391067781,10,1128.4011707905559,True,61.267449378967285,36.30737233161926,13,23.979509830474854
combo_0,0,0,0,0,lrc105,2489.76,13,2498.692292120573,13,1643.876507974061,True,60.049826860427856,36.30737233161926,13,23.979509830474854
combo_0,0,0,0,0,lrc106,2052.0,11,2300.482316087644,13,1513.4752079523973,True,60.54758596420288,36.30737233161926,13,23.979509830474854
combo_0,0,0,0,0,lrc107,1771.2,11,1771.4085763352643,11,1230.144844677267,True,60.375978231430054,36.30737233161926,13,23.979509830474854
combo_0,0,0,0,0,lrc108,1605.8,10,1692.9359856116266,11,1175.6499900080742,True,60.42763900756836,36.30737233161926,13,23.979509830474854
combo_0,0,0,0,0,lrc201,1632.12,4,1719.084998996611,4,1481.9698267212164,True,61.64539813995361,36.30737233161926,13,23.979509830474854
combo_0,0,0,0,0,lrc202,1538.88,3,1630.1636891544033,4,1405.3135251331064,True,60.45114541053772,36.30737233161926,13,23.979509830474854
combo_0,0,0,0,0,lrc203,1219.68,3,1223.72044495849,3,1092.6075401415087,True,64.55498695373535,36.30737233161926,13,23.979509830474854
combo_0,0,0,0,0,lrc204,917.2800000000001,3,932.887275174748,3,832.9350671203106,True,64.34006214141846,36.30737233161926,13,23.979509830474854
combo_0,0,0,0,0,lrc205,1510.32,4,1512.9969891011747,4,1304.3077492251507,True,61.24671959877014,36.30737233161926,13,23.979509830474854
combo_0,0,0,0,0,lrc206,1298.0800000000002,3,1304.073307211489,3,1164.351167153115,True,64.88238143920898,36.30737233161926,13,23.979509830474854
combo_0,0,0,0,0,lrc207,1189.44,3,1192.1303027287656,3,1064.4020560078263,True,63.33421611785889,36.30737233161926,13,23.979509830474854
combo_0,0,0,0,0,lrc208,955.3600000000001,3,955.0885080530428,3,852.757596475931,True,63.74320602416992,36.30737233161926,13,23.979509830474854
combo_0,0,0,0,0,bar-n100-1,990.3529411764706,6,1028.235294117647,6,760.0,True,61.33650469779968,36.30737233161926,13,23.979509830474854
combo_0,0,0,0,0,bar-n100-2,707.8888888888888,5,762.6666666666666,6,572.0,True,60.1179358959198,36.30737233161926,13,23.979509830474854
combo_0,0,0,0,0,bar-n100-3,1009.2941176470589,6,1075.5882352941178,6,795.0,True,61.240867137908936,36.30737233161926,13,23.979509830474854
combo_0,0,0,0,0,bar-n100-4,2070.0,12,2154.133333333333,13,1154.0,True,60.59782433509827,36.30737233161926,13,23.979509830474854
combo_0,0,0,0,0,bar-n100-5,1102.6315789473686,6,1171.0526315789475,6,890.0,True,61.0211284160614,36.30737233161926,13,23.979509830474854
combo_0,0,0,0,0,bar-n100-6,935.75,3,1018.75,4,815.0,True,60.30226540565491,36.30737233161926,13,23.979509830474854
combo_0,0,0,0,0,ber-n100-1,3271.7647058823527,13,3410.0,14,1870.0,True,60.89579224586487,36.30737233161926,13,23.979509830474854
combo_0,0,0,0,0,ber-n100-2,2007.7647058823532,6,2198.1176470588234,7,1557.0,True,60.28773045539856,36.30737233161926,13,23.979509830474854
combo_0,0,0,0,0,ber-n100-3,814.8571428571428,3,839.2857142857143,4,705.0,True,61.20424509048462,36.30737233161926,13,23.979509830474854
combo_0,0,0,0,0,ber-n100-4,572.0,3,609.0526315789474,3,526.0,True,61.4268159866333,36.30737233161926,13,23.979509830474854
combo_0,0,0,0,0,ber-n100-5,1206.2222222222222,5,1217.7222222222222,5,953.0,True,60.7436888217926,36.30737233161926,13,23.979509830474854
combo_0,0,0,0,0,ber-n100-6,4090.9333333333334,14,4550.0,15,2275.0,True,60.56055688858032,36.30737233161926,13,23.979509830474854
combo_0,0,0,0,0,ber-n100-7,2647.8947368421054,7,2809.3684210526317,7,2053.0,True,60.42635726928711,36.30737233161926,13,23.979509830474854
combo_0,0,0,0,0,nyc-n100-1,979.8181818181818,6,1024.6363636363635,6,663.0,True,60.75861835479736,36.30737233161926,13,23.979509830474854
combo_0,0,0,0,0,nyc-n100-2,767.7272727272727,4,852.3636363636364,5,586.0,True,61.45240926742554,36.30737233161926,13,23.979509830474854
combo_0,0,0,0,0,nyc-n100-3,637.0,3,683.1999999999999,4,488.0,True,61.60956144332886,36.30737233161926,13,23.979509830474854
combo_0,0,0,0,0,nyc-n100-4,624.1666666666667,2,700.0,3,560.0,True,62.41209053993225,36.30737233161926,13,23.979509830474854
combo_0,0,0,0,0,nyc-n100-5,790.6363636363636,2,852.7272727272727,3,670.0,True,64.02853798866272,36.30737233161926,13,23.979509830474854
combo_0,0,0,0,0,poa-n100-1,2698.7058823529414,12,2959.4117647058824,13,1677.0,True,60.965115785598755,36.30737233161926,13,23.979509830474854
combo_0,0,0,0,0,poa-n100-2,2981.8125,15,3278.0,16,1639.0,True,60.79309630393982,36.30737233161926,13,23.979509830474854
combo_0,0,0,0,0,poa-n100-3,1970.4736842105262,10,2055.7894736842104,12,1260.0,True,60.64614224433899,36.30737233161926,13,23.979509830474854
combo_0,0,0,0,0,poa-n100-4,2262.0,7,2291.578947368421,9,1555.0,True,60.314857959747314,36.30737233161926,13,23.979509830474854
combo_0,0,0,0,0,poa-n100-5,844.2352941176471,6,891.5882352941177,6,659.0,True,60.28861689567566,36.30737233161926,13,23.979509830474854
combo_0,0,0,0,0,poa-n100-6,655.6666666666667,3,675.5,3,579.0,True,61.24500632286072,36.30737233161926,13,23.979509830474854
combo_0,0,0,0,0,poa-n100-7,999.0588235294118,5,1016.0588235294118,6,751.0,True,60.286930561065674,36.30737233161926,13,23.979509830474854
combo_1,0,1,0,0,lc101,1160.6,10,1160.511613719967,10,828.9368669428337,True,60.29368257522583,44.366233825683594,8,19.033332586288452
combo_1,0,1,0,0,lc102,1160.6,10,1160.511613719967,10,828.9368669428337,True,60.40224504470825,44.366233825683594,8,19.033332586288452
combo_1,0,1,0,0,lc103,1407.6,9,1159.0105788377905,10,827.8646991698504,True,60.00811195373535,44.366233825683594,8,19.033332586288452
combo_1,0,1,0,0,lc104,1169.6,9,1146.0399771180334,10,818.5999836557382,True,60.896878719329834,44.366233825683594,8,19.033332586288452
combo_1,0,1,0,0,lc105,1160.6,10,1160.511613719967,10,828.9368669428337,True,60.01948571205139,44.366233825683594,8,19.033332586288452
combo_1,0,1,0,0,lc106,1160.6,10,1160.511613719967,10,828.9368669428337,True,60.82825207710266,44.366233825683594,8,19.033332586288452
combo_1,0,1,0,0,lc107,1160.6,10,1160.511613719967,10,828.9368669428337,True,60.72678303718567,44.366233825683594,8,19.033332586288452
combo_1,0,1,0,0,lc108,1156.3999999999999,10,1157.0148873174508,10,826.4392052267506,True,60.605836391448975,44.366233825683594,8,19.033332586288452
combo_1,0,1,0,0,lc109,1361.36,9,1158.943258572759,10,827.8166132662566,True,60.560941219329834,44.366233825683594,8,19.033332586288452
combo_1,0,1,0,0,lc201,663.0400000000001,3,662.5433434720816,3,591.5565566715013,True,62.247135162353516,44.366233825683594,8,19.033332586288452
combo_1,0,1,0,0,lc202,663.0400000000001,3,662.5433434720816,3,591.5565566715013,True,62.07700848579407,44.366233825683594,8,19.033332586288452
combo_1,0,1,0,0,lc203,661.9200000000001,3,662.1142559143073,3,591.1734427806314,True,62.641910552978516,44.366233825683594,8,19.033332586288452
combo_1,0,1,0,0,lc204,661.9200000000001,3,669.0164926382955,3,597.3361541413352,True,62.71070623397827,44.366233825683594,8,19.033332586288452
combo_1,0,1,0,0,lc205,659.6800000000001,3,659.5410781718344,3,588.8759626534236,True,60.85308480262756,44.366233825683594,8,19.033332586288452
combo_1,0,1,0,0,lc206,658.5600000000001,3,659.1119906140601,3,588.4928487625536,True,60.410576820373535,44.366233825683594,8,19.033332586288452
combo_1,0,1,0,0,lc207,658.5600000000001,3,658.880679997358,3,588.2863214262125,True,62.21465492248535,44.366233825683594,8,19.033332586288452
combo_1,0,1,0,0,lc208,658.5600000000001,3,658.922656736287,3,588.323800657399,True,61.4133358001709,44.366233825683594,8,19.033332586288452
combo_1,0,1,0,0,lr101,2905.76,19,2905.4066616450796,19,1650.799239571068,True,60.04238486289978,44.366233825683594,8,19.033332586288452
combo_1,0,1,0,0,lr102,2499.84,17,2499.1183270546653,17,1487.570432770634,True,60.25168800354004,44.366233825683594,8,19.033332586288452
combo_1,0,1,0,0,lr103,1965.3600000000001,13,1964.8667755364581,13,1292.675510221354,True,60.721166372299194,44.366233825683594,8,19.033332586288452
combo_1,0,1,0,0,lr104,1377.6799999999998,9,1497.9159533899242,10,1069.9399667070888,True,60.31891584396362,44.366233825683594,8,19.033332586288452
combo_1,0,1,0,0,lr105,2148.12,14,2148.2931879400417,14,1377.1110179102832,True,60.34073519706726,44.366233825683594,8,19.033332586288452
combo_1,0,1,0,0,lr106,1854.44,12,1853.872648317519,12,1252.616654268594,True,60.91102719306946,44.366233825683594,8,19.033332586288452
combo_1,0,1,0,0,lr107,1555.3999999999999,10,1555.8384463562165,10,1111.3131759687262,True,60.19444131851196,44.366233825683594,8,19.033332586288452
combo_1,0,1,0,0,lr108,1317.84,9,1317.7937858608357,9,968.9660190153205,True,60.41592741012573,44.366233825683594,8,19.033332586288452
combo_1,0,1,0,0,lr109,1740.96,11,1859.0254122794317,12,1256.0982515401565,True,60.279654026031494,44.366233825683594,8,19.033332586288452
combo_1,0,1,0,0,lr110,1622.6,10,1705.5070367456776,11,1184.3798866289428,True,60.443928956985474,44.366233825683594,8,19.033332586288452
combo_1,0,1,0,0,lr111,1552.6,10,1552.4610226152104,10,1108.900730439436,True,60.4011754989624,44.366233825683594,8,19.033332586288452
combo_1,0,1,0,0,lr112,1365.4399999999998,9,1365.123117008949,9,1003.7669978006979,True,60.22398138046265,44.366233825683594,8,19.033332586288452
combo_1,0,1,0,0,lr201,1453.4799999999998,4,1466.0504331064544,4,1263.836580264185,True,60.28429555892944,44.366233825683594,8,19.033332586288452
combo_1,0,1,0,0,lr202,1341.7600000000002,3,1460.5095346482158,4,1259.0599436622551,True,61.0475800037384,44.366233825683594,8,19.033332586288452
combo_1,0,1,0,0,lr203,1062.88,3,1068.4012076140611,3,953.9296496554117,True,64.36851263046265,44.366233825683594,8,19.033332586288452
combo_1,0,1,0,0,lr204,916.9200000000001,2,916.9744565240326,2,849.0504227074375,True,63.395328760147095,44.366233825683594,8,19.033332586288452
combo_1,0,1,0,0,lr205,1180.48,3,1182.4651454838374,3,1055.7724513248547,True,63.56382727622986,44.366233825683594,8,19.033332586288452
combo_1,0,1,0,0,lr206,1043.8400000000001,3,1043.420487857747,3,931.6254355872741,True,60.67119860649109,44.366233825683594,8,19.033332586288452
combo_1,0,1,0,0,lr207,975.24,2,976.8659554293038,2,904.5055142863923,True,63.185600996017456,44.366233825683594,8,19.033332586288452
combo_1,0,1,0,0,lr208,793.8000000000001,2,802.8569149500663,2,743.3860323611725,True,70.69783973693848,44.366233825683594,8,19.033332586288452
combo_1,0,1,0,0,lr209,1042.72,3,1063.7771838194392,3,949.801056981642,True,63.95612049102783,44.366233825683594,8,19.033332586288452
combo_1,0,1,0,0,lr210,1079.68,3,1079.9303900567684,3,964.223562550686,True,62.526676177978516,44.366233825683594,8,19.033332586288452
combo_1,0,1,0,0,lr211,984.96,2,1073.0494937186913,3,958.0799051059744,True,62.82992506027222,44.366233825683594,8,19.033332586288452
combo_1,0,1,0,0,lrc101,2666.04,14,2725.1432243917397,15,1703.2145152448372,True,60.56126832962036,44.366233825683594,8,19.033332586288452
combo_1,0,1,0,0,lrc102,2305.84,12,2399.7049577923717,13,1578.7532617055076,True,60.60327911376953,44.366233825683594,8,19.033332586288452
combo_1,0,1,0,0,lrc103,1812.96,11,1812.5814501625086,11,1258.7371181684089,True,60.813918113708496,44.366233825683594,8,19.033332586288452
combo_1,0,1,0,0,lrc104,1579.1999999999998,10,1579.8925951800377,10,1128.4947108428842,True,60.129831314086914,44.366233825683594,8,19.033332586288452
combo_1,0,1,0,0,lrc105,2489.76,13,2620.2628172557297,14,1679.6556520870063,True,60.51679754257202,44.366233825683594,8,19.033332586288452
combo_1,0,1,0,0,lrc106,2052.0,11,2256.7209241602213,12,1524.8114352433927,True,60.03852343559265,44.366233825683594,8,19.033332586288452
combo_1,0,1,0,0,lrc107,1771.2,11,1771.4085763352643,11,1230.144844677267,True,60.093059062957764,44.366233825683594,8,19.033332586288452
combo_1,0,1,0,0,lrc108,1605.8,10,1696.0324262385316,11,1177.8002959989803,True,60.5874547958374,44.366233825683594,8,19.033332586288452
combo_1,0,1,0,0,lrc201,1632.12,4,1689.3946042291016,4,1456.3746588181912,True,60.92490196228027,44.366233825683594,8,19.033332586288452
combo_1,0,1,0,0,lrc202,1538.88,3,1539.1788457746675,3,1374.2668265845243,True,61.73647141456604,44.366233825683594,8,19.033332586288452
combo_1,0,1,0,0,lrc203,1219.68,3,1346.3447826378465,4,1160.6420539981436,True,61.52327919006348,44.366233825683594,8,19.033332586288452
combo_1,0,1,0,0,lrc204,917.2800000000001,3,928.7755523027571,3,829.2638859846045,True,62.8034610748291,44.366233825683594,8,19.033332586288452
combo_1,0,1,0,0,lrc205,1510.32,4,1512.9969891011747,4,1304.3077492251507,True,60.018967628479004,44.366233825683594,8,19.033332586288452
combo_1,0,1,0,0,lrc206,1298.0800000000002,3,1298.1171644412746,3,1159.033182536852,True,63.7524893283844,44.366233825683594,8,19.033332586288452
combo_1,0,1,0,0,lrc207,1189.44,3,1192.8354341148226,3,1065.03163760252,True,66.65701699256897,44.366233825683594,8,19.033332586288452
combo_1,0,1,0,0,lrc208,955.3600000000001,3,972.4784966225342,3,868.2843719844054,True,62.93175172805786,44.366233825683594,8,19.033332586288452
combo_1,0,1,0,0,bar-n100-1,990.3529411764706,6,1036.3529411764707,6,766.0,True,60.812400341033936,44.366233825683594,8,19.033332586288452
combo_1,0,1,0,0,bar-n100-2,707.8888888888888,5,748.0,6,561.0,True,60.93281006813049,44.366233825683594,8,19.033332586288452
combo_1,0,1,0,0,bar-n100-3,1009.2941176470589,6,1044.4705882352941,6,772.0,True,60.68340539932251,44.366233825683594,8,19.033332586288452
combo_1,0,1,0,0,bar-n100-4,2070.0,12,2161.6,13,1158.0,True,60.48689866065979,44.366233825683594,8,19.033332586288452
combo_1,0,1,0,0,bar-n100-5,1102.6315789473686,6,1161.842105263158,6,883.0,True,60.93485760688782,44.366233825683594,8,19.033332586288452
combo_1,0,1,0,0,bar-n100-6,935.75,3,991.25,4,793.0,True,60.56104230880737,44.366233825683594,8,19.033332586288452
combo_1,0,1,0,0,ber-n100-1,3271.7647058823527,13,3424.5882352941176,14,1878.0,True,60.635573863983154,44.366233825683594,8,19.033332586288452
combo_1,0,1,0,0,ber-n100-2,2007.7647058823532,6,2206.5882352941176,7,1563.0,True,60.54365372657776,44.366233825683594,8,19.033332586288452
combo_1,0,1,0,0,ber-n100-3,814.8571428571428,3,822.6190476190476,4,691.0,True,62.45909333229065,44.366233825683594,8,19.033332586288452
combo_1,0,1,0,0,ber-n100-4,572.0,3,610.2105263157895,3,527.0,True,65.75197958946228,44.366233825683594,8,19.033332586288452
combo_1,0,1,0,0,ber-n100-5,1206.2222222222222,5,1220.2777777777776,5,955.0,True,60.421228647232056,44.366233825683594,8,19.033332586288452
combo_1,0,1,0,0,ber-n100-6,4090.9333333333334,14,4314.0,15,2157.0,True,60.46761775016785,44.366233825683594,8,19.033332586288452
combo_1,0,1,0,0,ber-n100-7,2647.8947368421054,7,2790.9473684210525,8,1964.0,True,60.67542791366577,44.366233825683594,8,19.033332586288452
combo_1,0,1,0,0,nyc-n100-1,979.8181818181818,6,1063.6363636363635,7,650.0,True,60.42843174934387,44.366233825683594,8,19.033332586288452
combo_1,0,1,0,0,nyc-n100-2,767.7272727272727,4,803.1818181818182,4,589.0,True,60.47018623352051,44.366233825683594,8,19.033332586288452
combo_1,0,1,0,0,nyc-n100-3,637.0,3,669.1999999999999,4,478.0,True,63.000648975372314,44.366233825683594,8,19.033332586288452
combo_1,0,1,0,0,nyc-n100-4,624.1666666666667,2,707.5,3,566.0,True,60.13635039329529,44.366233825683594,8,19.033332586288452
combo_1,0,1,0,0,nyc-n100-5,790.6363636363636,2,847.6363636363636,3,666.0,True,60.587437868118286,44.366233825683594,8,19.033332586288452
combo_1,0,1,0,0,poa-n100-1,2698.7058823529414,12,2924.1176470588234,13,1657.0,True,60.12670850753784,44.366233825683594,8,19.033332586288452
combo_1,0,1,0,0,poa-n100-2,2981.8125,15,3192.0,16,1596.0,True,60.12077498435974,44.366233825683594,8,19.033332586288452
combo_1,0,1,0,0,poa-n100-3,1970.4736842105262,10,2067.2105263157896,12,1267.0,True,60.56071329116821,44.366233825683594,8,19.033332586288452
combo_1,0,1,0,0,poa-n100-4,2262.0,7,2286.4736842105262,8,1609.0,True,60.65589618682861,44.366233825683594,8,19.033332586288452
combo_1,0,1,0,0,poa-n100-5,844.2352941176471,6,864.529411764706,6,639.0,True,60.008726835250854,44.366233825683594,8,19.033332586288452
combo_1,0,1,0,0,poa-n100-6,655.6666666666667,3,690.6666666666667,3,592.0,True,60.43937087059021,44.366233825683594,8,19.033332586288452
combo_1,0,1,0,0,poa-n100-7,999.0588235294118,5,997.1176470588235,6,737.0,True,60.64138054847717,44.366233825683594,8,19.033332586288452
combo_2,0,0,2,0,lc101,1160.6,10,1160.511613719967,10,828.9368669428337,True,60.97958159446716,34.90290880203247,8,25.32926654815674
combo_2,0,0,2,0,lc102,1160.6,10,1160.5116137199673,10,828.9368669428338,True,60.388662338256836,34.90290880203247,8,25.32926654815674
combo_2,0,0,2,0,lc103,1407.6,9,1159.0105788377905,10,827.8646991698504,True,60.314860105514526,34.90290880203247,8,25.32926654815674
combo_2,0,0,2,0,lc104,1169.6,9,1146.0399771180337,10,818.5999836557384,True,60.51868033409119,34.90290880203247,8,25.32926654815674
combo_2,0,0,2,0,lc105,1160.6,10,1160.511613719967,10,828.9368669428337,True,60.430352210998535,34.90290880203247,8,25.32926654815674
combo_2,0,0,2,0,lc106,1160.6,10,1160.511613719967,10,828.9368669428337,True,60.20359468460083,34.90290880203247,8,25.32926654815674
combo_2,0,0,2,0,lc107,1160.6,10,1160.5116137199673,10,828.9368669428338,True,60.71877670288086,34.90290880203247,8,25.32926654815674
combo_2,0,0,2,0,lc108,1156.3999999999999,10,1157.0148873174508,10,826.4392052267506,True,60.681843519210815,34.90290880203247,8,25.32926654815674
combo_2,0,0,2,0,lc109,1361.36,9,1158.9432585727593,10,827.8166132662567,True,61.132542848587036,34.90290880203247,8,25.32926654815674
combo_2,0,0,2,0,lc201,663.0400000000001,3,662.5433434720816,3,591.5565566715013,True,61.278069496154785,34.90290880203247,8,25.32926654815674
combo_2,0,0,2,0,lc202,663.0400000000001,3,662.5433434720816,3,591.5565566715013,True,60.89702129364014,34.90290880203247,8,25.32926654815674
combo_2,0,0,2,0,lc203,661.9200000000001,3,662.1142559143073,3,591.1734427806314,True,61.83579134941101,34.90290880203247,8,25.32926654815674
combo_2,0,0,2,0,lc204,661.9200000000001,3,668.3728318720863,3,596.7614570286485,True,61.10729622840881,34.90290880203247,8,25.32926654815674
combo_2,0,0,2,0,lc205,659.6800000000001,3,659.5410781718344,3,588.8759626534236,True,61.80789494514465,34.90290880203247,8,25.32926654815674
combo_2,0,0,2,0,lc206,658.5600000000001,3,659.1119906140601,3,588.4928487625536,True,60.16190433502197,34.90290880203247,8,25.32926654815674
combo_2,0,0,2,0,lc207,658.5600000000001,3,658.880679997358,3,588.2863214262125,True,60.45723366737366,34.90290880203247,8,25.32926654815674
combo_2,0,0,2,0,lc208,658.5600000000001,3,658.922656736287,3,588.323800657399,True,60.58824110031128,34.90290880203247,8,25.32926654815674
combo_2,0,0,2,0,lr101,2905.76,19,2905.40666164508,19,1650.7992395710683,True,60.79408240318298,34.90290880203247,8,25.32926654815674
combo_2,0,0,2,0,lr102,2499.84,17,2607.153026646188,17,1551.8768015751118,True,60.75983738899231,34.90290880203247,8,25.32926654815674
combo_2,0,0,2,0,lr103,1965.3600000000001,13,1994.401887911712,13,1312.1065052050737,True,60.64465928077698,34.90290880203247,8,25.32926654815674
combo_2,0,0,2,0,lr104,1377.6799999999998,9,1564.366515821442,11,1086.3656359871125,True,60.47531867027283,34.90290880203247,8,25.32926654815674
combo_2,0,0,2,0,lr105,2148.12,14,2248.268170262917,15,1405.167606414323,True,60.800721883773804,34.90290880203247,8,25.32926654815674
combo_2,0,0,2,0,lr106,1854.44,12,1853.8726483175194,12,1252.6166542685942,True,60.954631328582764,34.90290880203247,8,25.32926654815674
combo_2,0,0,2,0,lr107,1555.3999999999999,10,1656.5748270550594,11,1150.3991854549024,True,60.91853070259094,34.90290880203247,8,25.32926654815674
combo_2,0,0,2,0,lr108,1317.84,9,1317.7937858608357,9,968.9660190153205,True,60.730297803878784,34.90290880203247,8,25.32926654815674
combo_2,0,0,2,0,lr109,1740.96,11,1859.9446527362952,12,1256.7193599569562,True,60.38409090042114,34.90290880203247,8,25.32926654815674
combo_2,0,0,2,0,lr110,1622.6,10,1697.7771468976184,11,1179.0119075677906,True,60.96201705932617,34.90290880203247,8,25.32926654815674
combo_2,0,0,2,0,lr111,1552.6,10,1563.4412180222873,10,1116.7437271587767,True,60.41017723083496,34.90290880203247,8,25.32926654815674
combo_2,0,0,2,0,lr112,1365.4399999999998,9,1559.0912218209533,10,1113.6365870149666,True,60.06009578704834,34.90290880203247,8,25.32926654815674
combo_2,0,0,2,0,lr201,1453.4799999999998,4,1470.8426964572836,4,1267.9678417735204,True,60.5025315284729,34.90290880203247,8,25.32926654815674
combo_2,0,0,2,0,lr202,1341.7600000000002,3,1505.2016044139248,4,1297.5875900120043,True,61.38619089126587,34.90290880203247,8,25.32926654815674
combo_2,0,0,2,0,lr203,1062.88,3,1063.3239764151936,3,949.3964075135656,True,61.077027559280396,34.90290880203247,8,25.32926654815674
combo_2,0,0,2,0,lr204,916.9200000000001,2,916.9744565240326,2,849.0504227074375,True,64.24323987960815,34.90290880203247,8,25.32926654815674
combo_2,0,0,2,0,lr205,1180.48,3,1296.6730827314818,4,1117.8216230443809,True,61.0164053440094,34.90290880203247,8,25.32926654815674
combo_2,0,0,2,0,lr206,1043.8400000000001,3,1043.4204878577468,3,931.625435587274,True,61.66027235984802,34.90290880203247,8,25.32926654815674
combo_2,0,0,2,0,lr207,975.24,2,1125.1986714404732,3,1004.6416709289938,True,65.09695553779602,34.90290880203247,8,25.32926654815674
combo_2,0,0,2,0,lr208,793.8000000000001,2,805.0087370724871,2,745.3784602523028,True,63.459617376327515,34.90290880203247,8,25.32926654815674
combo_2,0,0,2,0,lr209,1042.72,3,1086.9308733597286,3,970.4739940711862,True,61.46442198753357,34.90290880203247,8,25.32926654815674
combo_2,0,0,2,0,lr210,1079.68,3,1079.9303900567684,3,964.223562550686,True,60.59673762321472,34.90290880203247,8,25.32926654815674
combo_2,0,0,2,0,lr211,984.96,2,1077.0781410483396,3,961.676911650303,True,66.7856707572937,34.90290880203247,8,25.32926654815674
combo_2,0,0,2,0,lrc101,2666.04,14,2841.192971012084,16,1732.4347384220023,True,60.70745325088501,34.90290880203247,8,25.32926654815674
combo_2,0,0,2,0,lrc102,2305.84,12,2399.7049577923717,13,1578.7532617055076,True,60.33279466629028,34.90290880203247,8,25.32926654815674
combo_2,0,0,2,0,lrc103,1812.96,11,1830.3554742137885,11,1271.080190426242,True,60.70590591430664,34.90290880203247,8,25.32926654815674
combo_2,0,0,2,0,lrc104,1579.1999999999998,10,1680.043614379815,11,1166.696954430427,True,60.30544877052307,34.90290880203247,8,25.32926654815674
combo_2,0,0,2,0,lrc105,2489.76,13,2579.794254869199,14,1653.714265941794,True,60.58295130729675,34.90290880203247,8,25.32926654815674
combo_2,0,0,2,0,lrc106,2052.0,11,2323.04180470291,13,1528.3169767782304,True,60.647695541381836,34.90290880203247,8,25.32926654815674
combo_2,0,0,2,0,lrc107,1771.2,11,1771.4085763352648,11,1230.1448446772672,True,60.11869215965271,34.90290880203247,8,25.32926654815674
combo_2,0,0,2,0,lrc108,1605.8,10,1718.3586029808932,11,1193.304585403398,True,60.09609007835388,34.90290880203247,8,25.32926654815674
combo_2,0,0,2,0,lrc201,1632.12,4,1727.5985016273828,5,1439.665418022819,True,60.46146750450134,34.90290880203247,8,25.32926654815674
combo_2,0,0,2,0,lrc202,1538.88,3,1751.702434562645,5,1459.7520288022042,True,60.416438579559326,34.90290880203247,8,25.32926654815674
combo_2,0,0,2,0,lrc203,1219.68,3,1381.7791872091748,4,1191.188954490668,True,62.05727434158325,34.90290880203247,8,25.32926654815674
combo_2,0,0,2,0,lrc204,917.2800000000001,3,935.8726336328093,3,835.6005657435796,True,63.017001152038574,34.90290880203247,8,25.32926654815674
combo_2,0,0,2,0,lrc205,1510.32,4,1517.662158194735,4,1308.3294467195992,True,60.59346079826355,34.90290880203247,8,25.32926654815674
combo_2,0,0,2,0,lrc206,1298.0800000000002,3,1379.5139678830494,4,1189.2361792095255,True,61.00200653076172,34.90290880203247,8,25.32926654815674
combo_2,0,0,2,0,lrc207,1189.44,3,1199.345533514116,3,1070.8442263518891,True,61.98169469833374,34.90290880203247,8,25.32926654815674
combo_2,0,0,2,0,lrc208,955.3600000000001,3,974.2378468456195,3,869.8552203978745,True,61.66627383232117,34.90290880203247,8,25.32926654815674
combo_2,0,0,2,0,bar-n100-1,990.3529411764706,6,1060.7058823529412,6,784.0,True,60.496360540390015,34.90290880203247,8,25.32926654815674
combo_2,0,0,2,0,bar-n100-2,707.8888888888888,5,784.0,6,588.0,True,60.25332999229431,34.90290880203247,8,25.32926654815674
combo_2,0,0,2,0,bar-n100-3,1009.2941176470589,6,1093.1764705882354,6,808.0,True,60.98128414154053,34.90290880203247,8,25.32926654815674
combo_2,0,0,2,0,bar-n100-4,2070.0,12,2260.0666666666666,14,1169.0,True,60.57622194290161,34.90290880203247,8,25.32926654815674
combo_2,0,0,2,0,bar-n100-5,1102.6315789473686,6,1216.5263157894738,7,889.0,True,60.18717169761658,34.90290880203247,8,25.32926654815674
combo_2,0,0,2,0,bar-n100-6,935.75,3,1018.75,4,815.0,True,60.7499942779541,34.90290880203247,8,25.32926654815674
combo_2,0,0,2,0,ber-n100-1,3271.7647058823527,13,3486.5882352941176,14,1912.0,True,60.152180671691895,34.90290880203247,8,25.32926654815674
combo_2,0,0,2,0,ber-n100-2,2007.7647058823532,6,2219.2941176470586,7,1572.0,True,60.38679766654968,34.90290880203247,8,25.32926654815674
combo_2,0,0,2,0,ber-n100-3,814.8571428571428,3,841.6666666666666,4,707.0,True,61.262497425079346,34.90290880203247,8,25.32926654815674
combo_2,0,0,2,0,ber-n100-4,572.0,3,622.9473684210526,3,538.0,True,62.12297558784485,34.90290880203247,8,25.32926654815674
combo_2,0,0,2,0,ber-n100-5,1206.2222222222222,5,1252.2222222222222,5,980.0,True,60.94619107246399,34.90290880203247,8,25.32926654815674
combo_2,0,0,2,0,ber-n100-6,4090.9333333333334,14,13551.2,15,2116.0,False,60.307488441467285,34.90290880203247,8,25.32926654815674
combo_2,0,0,2,0,ber-n100-7,2647.8947368421054,7,2813.684210526316,8,1980.0,True,60.2237286567688,34.90290880203247,8,25.32926654815674
combo_2,0,0,2,0,nyc-n100-1,979.8181818181818,6,1058.7272727272727,7,647.0,True,60.841723680496216,34.90290880203247,8,25.32926654815674
combo_2,0,0,2,0,nyc-n100-2,767.7272727272727,4,874.1818181818182,5,601.0,True,61.4056670665741,34.90290880203247,8,25.32926654815674
combo_2,0,0,2,0,nyc-n100-3,637.0,3,705.5999999999999,4,504.0,True,61.3381724357605,34.90290880203247,8,25.32926654815674
combo_2,0,0,2,0,nyc-n100-4,624.1666666666667,2,722.5,3,578.0,True,60.805306911468506,34.90290880203247,8,25.32926654815674
combo_2,0,0,2,0,nyc-n100-5,790.6363636363636,2,846.3636363636364,3,665.0,True,63.82304120063782,34.90290880203247,8,25.32926654815674
combo_2,0,0,2,0,poa-n100-1,2698.7058823529414,12,3036.176470588235,14,1665.0,True,60.65599250793457,34.90290880203247,8,25.32926654815674
combo_2,0,0,2,0,poa-n100-2,2981.8125,15,3312.0,16,1656.0,True,60.28169345855713,34.90290880203247,8,25.32926654815674
combo_2,0,0,2,0,poa-n100-3,1970.4736842105262,10,2142.2631578947367,12,1313.0,True,60.519426345825195,34.90290880203247,8,25.32926654815674
combo_2,0,0,2,0,poa-n100-4,2262.0,7,2347.578947368421,9,1593.0,True,60.334962606430054,34.90290880203247,8,25.32926654815674
combo_2,0,0,2,0,poa-n100-5,844.2352941176471,6,896.470588235294,7,635.0,True,61.05073356628418,34.90290880203247,8,25.32926654815674
combo_2,0,0,2,0,poa-n100-6,655.6666666666667,3,686.0,3,588.0,True,60.93865203857422,34.90290880203247,8,25.32926654815674
combo_2,0,0,2,0,poa-n100-7,999.0588235294118,5,1012.0000000000001,6,748.0,True,60.23221755027771,34.90290880203247,8,25.32926654815674
combo_3,0,0,0,3,lc101,1160.6,10,18957.672406997262,17,2378.493661516973,False,60.25430369377136,59.01169991493225,47,6.481289386749268
combo_3,0,0,0,3,lc102,1160.6,10,15731.003198072456,16,2205.9982945911106,False,60.35692739486694,59.01169991493225,47,6.481289386749268
combo_3,0,0,0,3,lc103,1407.6,9,15467.853575099829,14,2407.854932631055,False,60.15391230583191,59.01169991493225,47,6.481289386749268
combo_3,0,0,0,3,lc104,1169.6,9,2866.791119134517,12,1937.0210264422412,True,60.364439487457275,59.01169991493225,47,6.481289386749268
combo_3,0,0,0,3,lc105,1160.6,10,16639.07271520432,14,2127.449013283662,False,60.23424792289734,59.01169991493225,47,6.481289386749268
combo_3,0,0,0,3,lc106,1160.6,10,16688.260497070445,15,2479.696816499951,False,60.15879678726196,59.01169991493225,47,6.481289386749268
combo_3,0,0,0,3,lc107,1160.6,10,14411.09323949176,15,2571.0759941019305,False,60.23244023323059,59.01169991493225,47,6.481289386749268
combo_3,0,0,0,3,lc108,1156.3999999999999,10,15451.231667113243,14,2526.7374119116816,False,60.22886300086975,59.01169991493225,47,6.481289386749268
combo_3,0,0,0,3,lc109,1361.36,9,2796.328401152104,12,1889.4110818595298,True,60.3018753528595,59.01169991493225,47,6.481289386749268
combo_3,0,0,0,3,lc201,663.0400000000001,3,662.5433434720817,3,591.5565566715014,True,60.095433950424194,59.01169991493225,47,6.481289386749268
combo_3,0,0,0,3,lc202,663.0400000000001,3,1067.2471186118428,4,920.0406194929681,True,60.16930651664734,59.01169991493225,47,6.481289386749268
combo_3,0,0,0,3,lc203,661.9200000000001,3,1658.7359578503258,4,1429.944791250281,True,60.58931493759155,59.01169991493225,47,6.481289386749268
combo_3,0,0,0,3,lc204,661.9200000000001,3,1088.6836099847208,4,938.5203534351041,True,60.35038900375366,59.01169991493225,47,6.481289386749268
combo_3,0,0,0,3,lc205,659.6800000000001,3,1122.6764077452967,4,967.8244894356008,True,60.24307918548584,59.01169991493225,47,6.481289386749268
combo_3,0,0,0,3,lc206,658.5600000000001,3,994.7556039941265,4,857.5479344776953,True,60.22764563560486,59.01169991493225,47,6.481289386749268
combo_3,0,0,0,3,lc207,658.5600000000001,3,904.8296104722566,4,780.0255262691868,True,60.18655252456665,59.01169991493225,47,6.481289386749268
combo_3,0,0,0,3,lc208,658.5600000000001,3,2702.3506902293184,8,2047.2353713858472,True,60.524935245513916,59.01169991493225,47,6.481289386749268
combo_3,0,0,0,3,lr101,2905.76,19,3841.390279465856,23,2000.7241038884667,True,60.036309003829956,59.01169991493225,47,6.481289386749268
combo_3,0,0,0,3,lr102,2499.84,17,22688.544479800355,21,2380.7307970272013,False,60.219791412353516,59.01169991493225,47,6.481289386749268
combo_3,0,0,0,3,lr103,1965.3600000000001,13,16260.154091610611,20,2077.8116784238914,False,60.11097526550293,59.01169991493225,47,6.481289386749268
combo_3,0,0,0,3,lr104,1377.6799999999998,9,13448.929619850065,15,1754.609591069585,False,60.292141914367676,59.01169991493225,47,6.481289386749268
combo_3,0,0,0,3,lr105,2148.12,14,17231.346987996396,20,1878.000589925399,False,60.17165565490723,59.01169991493225,47,6.481289386749268
combo_3,0,0,0,3,lr106,1854.44,12,17609.53890441133,19,2247.6440024697577,False,60.33032941818237,59.01169991493225,47,6.481289386749268
combo_3,0,0,0,3,lr107,1555.3999999999999,10,3446.2418826170633,17,2051.334453938728,True,60.02292490005493,59.01169991493225,47,6.481289386749268
combo_3,0,0,0,3,lr108,1317.84,9,3214.246948795967,17,1913.2422314261705,True,60.37007141113281,59.01169991493225,47,6.481289386749268
combo_3,0,0,0,3,lr109,1740.96,11,14175.952723551822,20,2001.3367190288595,False,60.18214011192322,59.01169991493225,47,6.481289386749268
combo_3,0,0,0,3,lr110,1622.6,10,15500.27022505118,17,1950.0950347364762,False,60.20967936515808,59.01169991493225,47,6.481289386749268
combo_3,0,0,0,3,lr111,1552.6,10,15705.565464930442,18,1996.6732280603896,False,60.192782402038574,59.01169991493225,47,6.481289386749268
combo_3,0,0,0,3,lr112,1365.4399999999998,9,3190.607670130071,16,1945.4924817866283,True,60.38056921958923,59.01169991493225,47,6.481289386749268
combo_3,0,0,0,3,lr201,1453.4799999999998,4,9932.84763359152,6,1628.9025438004996,False,60.13298940658569,59.01169991493225,47,6.481289386749268
combo_3,0,0,0,3,lr202,1341.7600000000002,3,1748.4276858139544,4,1507.26524639134,True,60.18042826652527,59.01169991493225,47,6.481289386749268
combo_3,0,0,0,3,lr203,1062.88,3,1833.260134770466,4,1580.3966679055743,True,60.22271108627319,59.01169991493225,47,6.481289386749268
combo_3,0,0,0,3,lr204,916.9200000000001,2,1119.680349563754,3,999.7145978247802,True,60.092693567276,59.01169991493225,47,6.481289386749268
combo_3,0,0,0,3,lr205,1180.48,3,2049.7652821026513,4,1767.0390362953892,True,60.46638321876526,59.01169991493225,47,6.481289386749268
combo_3,0,0,0,3,lr206,1043.8400000000001,3,1841.5409013271628,4,1587.5352597647957,True,60.44504427909851,59.01169991493225,47,6.481289386749268
combo_3,0,0,0,3,lr207,975.24,2,1412.2276259678958,3,1260.9175231856211,True,60.44945502281189,59.01169991493225,47,6.481289386749268
combo_3,0,0,0,3,lr208,793.8000000000001,2,1376.5410578463293,3,1229.0545159342225,True,60.20860838890076,59.01169991493225,47,6.481289386749268
combo_3,0,0,0,3,lr209,1042.72,3,1578.454610390295,5,1315.3788419919126,True,60.01022124290466,59.01169991493225,47,6.481289386749268
combo_3,0,0,0,3,lr210,1079.68,3,1750.7298474658085,6,1411.8789092466197,True,60.165607929229736,59.01169991493225,47,6.481289386749268
combo_3,0,0,0,3,lr211,984.96,2,1283.8367124306658,3,1146.2827789559515,True,60.21540427207947,59.01169991493225,47,6.481289386749268
combo_3,0,0,0,3,lrc101,2666.04,14,28036.035453350745,22,2909.265988344376,False,60.10232901573181,59.01169991493225,47,6.481289386749268
combo_3,0,0,0,3,lrc102,2305.84,12,4171.038320317766,19,2369.9081365441853,True,60.012386322021484,59.01169991493225,47,6.481289386749268
combo_3,0,0,0,3,lrc103,1812.96,11,20121.80578894738,19,2372.40399432391,False,60.33610391616821,59.01169991493225,47,6.481289386749268
combo_3,0,0,0,3,lrc104,1579.1999999999998,10,21481.321103548235,16,2408.8029010497607,False,60.03595566749573,59.01169991493225,47,6.481289386749268
combo_3,0,0,0,3,lrc105,2489.76,13,25606.823586313,19,2389.098342939724,False,60.274927616119385,59.01169991493225,47,6.481289386749268
combo_3,0,0,0,3,lrc106,2052.0,11,23876.146601029875,18,2703.68514105745,False,60.084752559661865,59.01169991493225,47,6.481289386749268
combo_3,0,0,0,3,lrc107,1771.2,11,3236.715941326977,17,1926.616631742248,True,60.10094332695007,59.01169991493225,47,6.481289386749268
combo_3,0,0,0,3,lrc108,1605.8,10,3860.62515295795,19,2193.537018726108,True,60.46130037307739,59.01169991493225,47,6.481289386749268
combo_3,0,0,0,3,lrc201,1632.12,4,3071.730092366254,8,2327.0682517926166,True,60.30241632461548,59.01169991493225,47,6.481289386749268
combo_3,0,0,0,3,lrc202,1538.88,3,2259.1012677951608,5,1882.5843898293006,True,60.059552907943726,59.01169991493225,47,6.481289386749268
combo_3,0,0,0,3,lrc203,1219.68,3,1965.0960491739436,5,1637.5800409782864,True,60.15699005126953,59.01169991493225,47,6.481289386749268
combo_3,0,0,0,3,lrc204,917.2800000000001,3,1209.4258603115375,4,1042.6085002685668,True,60.02448558807373,59.01169991493225,47,6.481289386749268
combo_3,0,0,0,3,lrc205,1510.32,4,3125.12932622554,5,2604.274438521283,True,60.190476417541504,59.01169991493225,47,6.481289386749268
combo_3,0,0,0,3,lrc206,1298.0800000000002,3,2308.5248159999196,5,1923.770679999933,True,60.1172411441803,59.01169991493225,47,6.481289386749268
combo_3,0,0,0,3,lrc207,1189.44,3,1863.522284259866,4,1606.4847278102293,True,60.34589767456055,59.01169991493225,47,6.481289386749268
combo_3,0,0,0,3,lrc208,955.3600000000001,3,1746.013283705674,6,1408.0752287948983,True,60.38465857505798,59.01169991493225,47,6.481289386749268
combo_3,0,0,0,3,bar-n100-1,990.3529411764706,6,1301.6470588235293,7,922.0,True,60.33543109893799,59.01169991493225,47,6.481289386749268
combo_3,0,0,0,3,bar-n100-2,707.8888888888888,5,831.8333333333333,5,651.0,True,60.15167546272278,59.01169991493225,47,6.481289386749268
combo_3,0,0,0,3,bar-n100-3,1009.2941176470589,6,1327.0588235294117,7,940.0,True,60.235992670059204,59.01169991493225,47,6.481289386749268
combo_3,0,0,0,3,bar-n100-4,2070.0,12,2626.0,15,1313.0,True,60.030293703079224,59.01169991493225,47,6.481289386749268
combo_3,0,0,0,3,bar-n100-5,1102.6315789473686,6,1531.2631578947369,7,1119.0,True,60.33099937438965,59.01169991493225,47,6.481289386749268
combo_3,0,0,0,3,bar-n100-6,935.75,3,1162.5,4,930.0,True,60.1284716129303,59.01169991493225,47,6.481289386749268
combo_3,0,0,0,3,ber-n100-1,3271.7647058823527,13,4222.058823529412,16,2175.0,True,60.17392659187317,59.01169991493225,47,6.481289386749268
combo_3,0,0,0,3,ber-n100-2,2007.7647058823532,6,2922.058823529412,8,1987.0,True,60.23946142196655,59.01169991493225,47,6.481289386749268
combo_3,0,0,0,3,ber-n100-3,814.8571428571428,3,995.2380952380952,4,836.0,True,60.33919167518616,59.01169991493225,47,6.481289386749268
combo_3,0,0,0,3,ber-n100-4,572.0,3,786.8421052631579,4,650.0,True,60.03168058395386,59.01169991493225,47,6.481289386749268
combo_3,0,0,0,3,ber-n100-5,1206.2222222222222,5,1405.5555555555554,5,1100.0,True,60.00304913520813,59.01169991493225,47,6.481289386749268
combo_3,0,0,0,3,ber-n100-6,4090.9333333333334,14,16706.4,15,2211.0,False,60.057239294052124,59.01169991493225,47,6.481289386749268
combo_3,0,0,0,3,ber-n100-7,2647.8947368421054,7,3777.052631578947,9,2563.0,True,60.20004940032959,59.01169991493225,47,6.481289386749268
combo_3,0,0,0,3,nyc-n100-1,979.8181818181818,6,1399.090909090909,8,810.0,True,60.287996768951416,59.01169991493225,47,6.481289386749268
combo_3,0,0,0,3,nyc-n100-2,767.7272727272727,4,1035.6363636363637,5,712.0,True,60.10960626602173,59.01169991493225,47,6.481289386749268
combo_3,0,0,0,3,nyc-n100-3,637.0,3,837.0,5,558.0,True,60.04885911941528,59.01169991493225,47,6.481289386749268
combo_3,0,0,0,3,nyc-n100-4,624.1666666666667,2,855.0,3,684.0,True,60.0861930847168,59.01169991493225,47,6.481289386749268
combo_3,0,0,0,3,nyc-n100-5,790.6363636363636,2,987.6363636363636,3,776.0,True,60.29667043685913,59.01169991493225,47,6.481289386749268
combo_3,0,0,0,3,poa-n100-1,2698.7058823529414,12,3636.705882352941,15,1932.0,True,60.08523964881897,59.01169991493225,47,6.481289386749268
combo_3,0,0,0,3,poa-n100-2,2981.8125,15,15523.0,16,1804.0,False,60.10804772377014,59.01169991493225,47,6.481289386749268
combo_3,0,0,0,3,poa-n100-3,1970.4736842105262,10,2445.4736842105262,13,1452.0,True,60.2800076007843,59.01169991493225,47,6.481289386749268
combo_3,0,0,0,3,poa-n100-4,2262.0,7,3148.421052631579,11,1994.0,True,60.19819784164429,59.01169991493225,47,6.481289386749268
combo_3,0,0,0,3,poa-n100-5,844.2352941176471,6,1263.235294117647,8,859.0,True,60.350873708724976,59.01169991493225,47,6.481289386749268
combo_3,0,0,0,3,poa-n100-6,655.6666666666667,3,784.0,3,672.0,True,60.25035285949707,59.01169991493225,47,6.481289386749268
combo_3,0,0,0,3,poa-n100-7,999.0588235294118,5,1297.4117647058822,7,919.0,True,60.11870551109314,59.01169991493225,47,6.481289386749268
