Instance,Size,BKS_Fitness,BKS_Distance,BKS_Vehicles,Memetic_Fitness,Memetic_Distance,Memetic_Vehicles,Memetic_TimeToFinal,Memetic_IsFeasible,ORTools_Fitness,ORTools_Distance,ORTools_Vehicles,ORTools_IsFeasible
lc101,100,1160.6,829.0,10,1160.511613719967,828.9368669428337,10,29.019657373428345,True,1160.5116137199673,828.9368669428338,10,True
lc102,100,1160.6,829.0,10,1160.5116137199673,828.9368669428338,10,32.639832973480225,True,1160.5116137199673,828.9368669428338,10,True
lc103,100,1407.6,1035.0,9,1159.0105788377905,827.8646991698504,10,27.79115128517151,True,1159.0105788377907,827.8646991698505,10,True
lc104,100,1169.6,860.0,9,1146.0399771180337,818.5999836557384,10,69.08541560173035,True,1147.2267457815515,819.4476755582511,10,True
lc105,100,1160.6,829.0,10,1160.511613719967,828.9368669428337,10,28.200741291046143,True,1160.5116137199673,828.9368669428338,10,True
lc106,100,1160.6,829.0,10,1160.511613719967,828.9368669428337,10,29.17300534248352,True,1160.5116137199673,828.9368669428338,10,True
lc107,100,1160.6,829.0,10,1160.511613719967,828.9368669428337,10,28.125853776931763,True,1160.5116137199673,828.9368669428338,10,True
lc108,100,1156.3999999999999,826.0,10,1157.0148873174508,826.4392052267506,10,33.32991147041321,True,1157.0148873174508,826.4392052267506,10,True
lc109,100,1361.36,1001.0,9,1158.943258572759,827.8166132662566,10,27.461863040924072,True,1267.1927629650131,905.1376878321522,10,True
lc201,100,663.0400000000001,592.0,3,662.5433434720816,591.5565566715013,3,115.94031143188477,True,662.5433434720816,591.5565566715013,3,True
lc202,100,663.0400000000001,592.0,3,662.5433434720816,591.5565566715013,3,123.42956495285034,True,662.5433434720816,591.5565566715013,3,True
lc203,100,661.9200000000001,591.0,3,662.1142559143073,591.1734427806314,3,85.07990956306458,True,719.3259096248527,642.2552764507612,3,True
lc204,100,661.9200000000001,591.0,3,715.4066864228785,638.7559700204272,3,88.30392289161682,True,721.6652623806575,644.3439842684442,3,True
lc205,100,659.6800000000001,589.0,3,659.5410781718344,588.8759626534236,3,82.21525025367737,True,659.5410781718346,588.8759626534237,3,True
lc206,100,658.5600000000001,588.0,3,659.1119906140601,588.4928487625536,3,109.77960896492004,True,659.1119906140601,588.4928487625536,3,True
lc207,100,658.5600000000001,588.0,3,658.880679997358,588.2863214262125,3,91.92421531677246,True,665.7901496398216,594.4554907498407,3,True
lc208,100,658.5600000000001,588.0,3,658.922656736287,588.323800657399,3,86.64161014556885,True,662.781938274523,591.7695877451098,3,True
lr101,100,2905.76,1651.0,19,2905.406661645079,1650.7992395710676,19,27.535574436187744,True,3165.358608862822,1720.303591773273,21,True
lr102,100,2499.84,1488.0,17,2499.118327054666,1487.5704327706344,17,150.62286972999573,True,2703.1814090711982,1571.6170982972083,18,True
lr103,100,1965.3600000000001,1293.0,13,1964.8667755364581,1292.675510221354,13,109.82191228866577,True,2333.7725275763705,1458.6078297352315,15,True
lr104,100,1377.6799999999998,1013.0,9,1531.9263102968077,1094.2330787834342,10,32.11100506782532,True,1667.6049900654416,1158.059020878779,11,True
lr105,100,2148.12,1377.0,14,2148.2931879400417,1377.1110179102832,14,63.97473430633545,True,2341.128452095067,1463.205282559417,15,True
lr106,100,1854.44,1253.0,12,1853.872648317519,1252.616654268594,12,26.79936981201172,True,1883.721741384423,1272.7849603948805,12,True
lr107,100,1555.3999999999999,1111.0,10,1641.3291395580472,1139.8119024708662,11,159.48456621170044,True,1710.3878329503968,1187.7693284377756,11,True
lr108,100,1317.84,969.0,9,1317.7937858608357,968.9660190153205,9,132.93748664855957,True,1543.7561913823988,1072.0529106822214,11,True
lr109,100,1740.96,1209.0,11,1896.415562586703,1247.641817491252,13,120.00351881980896,True,2035.7658825536603,1339.3196595747766,13,True
lr110,100,1622.6,1159.0,10,1799.4703639852428,1215.858354044083,12,82.04825901985168,True,1948.141987539784,1281.672360223542,13,True
lr111,100,1552.6,1109.0,10,1629.3827675382934,1131.5158107904815,11,86.95534157752991,True,1771.9150346471565,1197.2398882751058,12,True
lr112,100,1365.4399999999998,1004.0,9,1547.6501920609878,1074.7570778201305,11,94.36119270324707,True,9656.883906411833,1138.11053068704,11,False
lr201,100,1453.4799999999998,1253.0,4,1477.2475732943099,1273.489287322681,4,154.02307415008545,True,7699.123401465727,1276.7502472247902,4,False
lr202,100,1341.7600000000002,1198.0,3,1466.8674558640273,1264.5409102276099,4,230.58640122413635,True,1638.4129097157775,1365.3440914298146,5,True
lr203,100,1062.88,949.0,3,1068.4012076140611,953.9296496554117,3,206.8722095489502,True,1315.9963858262533,1096.6636548552112,5,True
lr204,100,916.9200000000001,849.0,2,1011.9834253683732,903.5566297931903,3,209.16096925735474,True,1116.8144313634025,997.1557422887522,3,True
lr205,100,1180.48,1054.0,3,1248.8109469067954,1115.0097740239244,3,114.65757846832275,True,1275.3782439566612,1099.464003410915,4,True
lr206,100,1043.8400000000001,932.0,3,1043.420487857747,931.6254355872741,3,157.45764255523682,True,1192.4524660426168,1027.976263829842,4,True
lr207,100,975.24,903.0,2,1071.203693715632,956.4318693889571,3,110.47833681106567,True,1252.3816056827013,1079.639315243708,4,True
lr208,100,793.8000000000001,735.0,2,808.0030290160886,748.1509527926746,2,184.168315410614,True,1014.3365835321865,905.6576638680236,3,True
lr209,100,1042.72,931.0,3,1164.8312166331266,1004.1648419251092,4,96.33701992034912,True,1167.2012757294297,1006.207996318474,4,True
lr210,100,1079.68,964.0,3,1158.6763588831382,1034.532463288516,3,110.46808934211731,True,1132.6079246951351,1011.2570756206562,3,True
lr211,100,984.96,912.0,2,1034.1384651276296,923.3379152925263,3,140.63627314567566,True,1250.7828117525903,1116.7703676362412,3,True
lrc101,100,2666.04,1709.0,14,2744.304013826096,1715.1900086413098,15,139.06321787834167,True,2868.4030005386703,1749.0262198406526,16,True
lrc102,100,2305.84,1558.0,12,2545.739640988605,1631.884385249106,14,120.56156206130981,True,2898.0469102170637,1767.1017745225997,16,True
lrc103,100,1812.96,1259.0,11,1812.5814501625084,1258.7371181684086,11,27.37964415550232,True,2181.5722599276482,1435.244907847137,13,True
lrc104,100,1579.1999999999998,1128.0,10,1579.7616391067781,1128.4011707905559,10,138.47158241271973,True,1685.692725267466,1170.6199481024069,11,True
lrc105,100,2489.76,1638.0,13,2624.471651019629,1682.35362244848,14,31.039485692977905,True,2927.984643024195,1829.9904018901218,15,True
lrc106,100,2052.0,1425.0,11,2318.9962652367194,1525.6554376557365,13,128.62886595726013,True,2496.0775116756695,1600.049686971583,14,True
lrc107,100,1771.2,1230.0,11,1893.5747745436981,1279.4424152322285,12,26.742144346237183,True,1903.172184115809,1285.9271514296006,12,True
lrc108,100,1605.8,1147.0,10,1679.9539942311856,1166.6347182161012,11,116.89910221099854,True,1924.8719119417697,1300.5891296903849,12,True
lrc201,100,1632.12,1407.0,4,1727.5985016273828,1439.665418022819,5,94.24849128723145,True,1789.8138025091362,1491.5115020909468,5,True
lrc202,100,1538.88,1374.0,3,1645.5279526973322,1418.5585799114933,4,233.41767168045044,True,1988.4801306274512,1603.6130085705252,6,True
lrc203,100,1219.68,1089.0,3,1342.3913630896293,1157.2339336979564,4,101.13844442367554,True,1593.8905493685365,1374.043577041842,4,True
lrc204,100,917.2800000000001,819.0,3,925.6614160525996,826.483407189821,3,176.06002640724182,True,924.7948317608771,825.7096712150687,3,True
lrc205,100,1510.32,1302.0,4,1573.408522586699,1356.3866574023268,4,233.7701756954193,True,1675.7603997258043,1396.4669997715037,5,True
lrc206,100,1298.0800000000002,1159.0,3,1311.505220972849,1170.9868044400437,3,176.448872089386,True,1564.6554630593075,1348.8409164304376,4,True
lrc207,100,1189.44,1062.0,3,1199.909544237824,1071.3478073552,3,129.27468538284302,True,1543.244328091133,1286.0369400759441,5,True
lrc208,100,955.3600000000001,853.0,3,1078.6274557564195,929.8512549624306,4,164.63443279266357,True,1197.0104604560522,1031.9055693586658,4,True
bar-n100-1,100,990.3529411764706,732.0,6,1048.5294117647059,775.0,6,106.05736660957336,True,1170.3529411764705,829.0,7,True
bar-n100-2,100,707.8888888888888,554.0,5,772.0,579.0,6,188.42618584632874,True,797.3333333333333,598.0,6,True
bar-n100-3,100,1009.2941176470589,746.0,6,1089.1176470588236,805.0,6,165.82563734054565,True,1218.3529411764705,863.0,7,True
bar-n100-4,100,2070.0,1150.0,12,2180.266666666667,1168.0,13,123.21765685081482,True,2454.0,1227.0,15,True
bar-n100-5,100,1102.6315789473686,838.0,6,1194.6315789473686,873.0,7,188.31322479248047,True,1300.0,950.0,7,True
bar-n100-6,100,935.75,788.0,3,1031.25,825.0,4,232.70111536979675,True,1045.0,836.0,4,True
ber-n100-1,100,3271.7647058823527,1854.0,13,3477.470588235294,1907.0,14,151.66727375984192,True,3629.176470588235,1928.0,15,True
ber-n100-2,100,2007.7647058823532,1484.0,6,2224.941176470588,1576.0,7,202.19476580619812,True,2295.529411764706,1626.0,7,True
ber-n100-3,100,814.8571428571428,713.0,3,828.5714285714286,696.0,4,162.0933654308319,True,838.1904761904763,677.0,5,True
ber-n100-4,100,572.0,494.0,3,620.6315789473684,536.0,3,147.7510974407196,True,691.2105263157895,571.0,4,True
ber-n100-5,100,1206.2222222222222,944.0,5,1233.0555555555554,965.0,5,133.13713383674622,True,1227.9444444444443,961.0,5,True
ber-n100-6,100,4090.9333333333334,2116.0,14,13311.2,1996.0,15,169.03481888771057,False,,,,False
ber-n100-7,100,2647.8947368421054,1935.0,7,2823.6315789473683,1987.0,8,134.33730149269104,True,3063.7894736842104,2156.0,8,True
nyc-n100-1,100,979.8181818181818,634.0,6,1052.4545454545455,681.0,6,213.25363492965698,True,1086.5454545454545,664.0,7,True
nyc-n100-2,100,767.7272727272727,563.0,4,848.1818181818182,622.0,4,125.69434356689453,True,885.8181818181819,609.0,5,True
nyc-n100-3,100,637.0,490.0,3,646.8,462.0,4,77.37674832344055,True,749.0,535.0,4,True
nyc-n100-4,100,624.1666666666667,535.0,2,706.25,565.0,3,229.87216591835022,True,780.0,624.0,3,True
nyc-n100-5,100,790.6363636363636,669.0,2,870.5454545454545,684.0,3,233.2850170135498,True,889.6363636363636,699.0,3,True
poa-n100-1,100,2698.7058823529414,1582.0,12,2947.0588235294117,1670.0,13,185.59002947807312,True,3178.4117647058824,1743.0,14,True
poa-n100-2,100,2981.8125,1539.0,15,3206.0,1603.0,16,163.83082175254822,True,,,,False
poa-n100-3,100,1970.4736842105262,1291.0,10,2095.2631578947367,1327.0,11,158.68425130844116,True,2276.0526315789475,1395.0,12,True
poa-n100-4,100,2262.0,1653.0,7,2328.4210526315787,1580.0,9,80.27893137931824,True,2512.315789473684,1646.0,10,True
poa-n100-5,100,844.2352941176471,624.0,6,933.1764705882352,661.0,7,137.77785301208496,True,927.5294117647057,657.0,7,True
poa-n100-6,100,655.6666666666667,562.0,3,680.1666666666667,583.0,3,194.81019139289856,True,724.5,621.0,3,True
poa-n100-7,100,999.0588235294118,772.0,5,1009.2941176470589,746.0,6,179.7501449584961,True,1092.705882352941,774.0,7,True
LC1_2_1,200,3786.9999999999995,2705.0,20,3786.3948728626624,2704.567766330473,20,43.1059787273407,True,3786.394872862663,2704.5677663304737,20,True
LC1_2_2,200,3815.7,2765.0,19,3821.9727027885033,2769.5454368032633,19,207.19853615760803,True,3821.9727027885037,2769.545436803264,19,True
LC1_2_3,200,4191.52,3128.0,17,4030.4407421392416,2920.6092334342334,19,155.21264696121216,True,3996.7246467518403,2938.7681226116474,18,True
LC1_2_4,200,3608.6200000000003,2693.0,17,3806.498043182447,2798.8956199870936,18,207.45063710212708,True,4161.71926385271,3060.087694009346,18,True
LC1_2_5,200,3782.7999999999997,2702.0,20,4065.3716078249727,2862.9377519894174,21,51.579625368118286,True,3782.868271758268,2702.04876554162,20,True
LC1_2_6,200,3781.3999999999996,2701.0,20,3781.4495434217356,2701.035388158383,20,47.28199625015259,True,3781.4495434217365,2701.0353881583833,20,True
LC1_2_7,200,3781.3999999999996,2701.0,20,3781.4495434217365,2701.0353881583833,20,70.28317499160767,True,4072.7682292136333,2868.146640291291,21,True
LC1_2_8,200,4628.5199999999995,3354.0,19,4205.5407077871105,2961.648385765571,21,162.97976422309875,True,3807.1307971724705,2719.379140837479,20,True
LC1_2_9,200,3704.64,2724.0,18,4081.343796320504,2957.4955045800757,19,49.965009450912476,True,4092.7151753684507,2965.7356343249644,19,True
LC1_2_10,200,3942.28,2942.0,17,4091.732627082227,2965.023642813208,19,179.9088442325592,True,4575.464858469965,3268.189184621404,20,True
LC2_2_1,200,2162.7200000000003,1931.0,6,2163.2156032919056,1931.4425029392014,6,364.2031629085541,True,2163.215603291906,1931.4425029392019,6,True
LC2_2_2,200,2106.7200000000003,1881.0,6,2241.057186562438,1965.8396373354717,7,183.77795696258545,True,2233.7441459423753,1994.4144160199776,6,True
LC2_2_3,200,2065.28,1844.0,6,2268.0174476230945,1989.4889891430653,7,146.90205216407776,True,2329.96548355429,2043.8293715388506,7,True
LC2_2_4,200,1979.0400000000002,1767.0,6,2340.6048852651315,2053.162180057133,7,160.7393901348114,True,2384.704897057032,2091.846400927221,7,True
LC2_2_5,200,2117.92,1891.0,6,2118.1540742294756,1891.208994847746,6,151.90709733963013,True,2455.4269654473187,2116.7473840063094,8,True
LC2_2_6,200,2080.96,1858.0,6,2088.028908672898,1864.3115256008016,6,202.36980390548706,True,2080.7104678783758,1857.7772034628351,6,True
LC2_2_7,200,2072.0,1850.0,6,2179.501623053963,1911.8435289947042,7,137.5885305404663,True,2240.9216407292297,1965.7207374817804,7,True
LC2_2_8,200,2042.88,1824.0,6,2095.947638829772,1871.381820383725,6,338.9522817134857,True,2297.6866532674508,2015.5146081293426,7,True
LC2_2_9,200,2076.48,1854.0,6,2228.854028723259,1955.1351129151394,7,304.9166626930237,True,2076.715611183753,1854.2103671283508,6,True
LC2_2_10,200,2035.0400000000002,1817.0,6,2035.54765390432,1817.4532624145713,6,148.552392244339,True,2269.4614327894997,1990.7556427978066,7,True
LR1_2_1,200,6746.599999999999,4819.0,20,6937.315695474788,4885.433588362527,21,57.48060321807861,True,6951.664883867056,4895.538650610603,21,True
LR1_2_2,200,6192.14,4621.0,17,5648.415199318538,4093.05449225981,19,48.644076347351074,True,6041.259363393833,4377.724176372343,19,True
LR1_2_3,200,5634.56,4402.0,14,4985.951868075575,3666.1410794673347,18,70.67550253868103,True,5530.044018877121,4126.89852155009,17,True
LR1_2_4,200,3632.4,3027.0,10,3685.59301216769,2925.0738191807063,13,189.2731053829193,True,3860.363791750282,3063.7807871033983,13,True
LR1_2_5,200,6283.200000000001,4760.0,16,6016.547193288954,4359.816806731126,19,56.979755878448486,True,5861.829179285566,4310.168514180564,18,True
LR1_2_6,200,6049.26,4801.0,13,5309.0302873553455,3961.9629010114513,17,75.85006904602051,True,5737.5191682476925,4218.764094299774,18,True
LR1_2_7,200,4393.32,3543.0,12,4453.3221441604655,3323.3747344481085,17,66.83511209487915,True,4623.0857728634355,3611.785760049559,14,True
LR1_2_8,200,3255.62,2759.0,9,3535.460626462577,2851.1779245665944,12,58.994688272476196,True,3675.5082693474155,3012.7116961864062,11,True
LR1_2_9,200,6364.26,5051.0,13,5733.164108005047,4278.480677615707,17,57.37460422515869,True,5936.891615134951,4430.516130697724,17,True
LR1_2_10,200,4470.08,3664.0,11,4668.497500505651,3647.26367227004,14,87.36414694786072,True,35374.607850405824,3785.965577174684,15,False
LR2_2_1,200,4480.3,4073.0,5,4610.135284882276,4191.032077165705,5,594.7641680240631,True,5007.661842070503,4392.685826377633,7,True
LR2_2_2,200,4099.68,3796.0,4,4424.220645137023,3950.1970045866274,6,696.337525844574,True,4488.693617566596,4080.630561424178,5,True
LR2_2_3,200,3345.84,3098.0,4,3814.226455927644,3467.478596297858,5,500.7761378288269,True,3669.407672539659,3335.825156854235,5,True
LR2_2_4,200,2635.1600000000003,2486.0,3,2292.083440691053,2122.299482121345,4,948.4301376342773,True,2997.59438201403,2775.550353716694,4,True
LR2_2_5,200,3713.0400000000004,3438.0,4,3775.6403925240224,3495.9633264111317,4,821.9238593578339,True,3723.2948016550067,3447.4951867175987,4,True
LR2_2_6,200,4725.4800000000005,4458.0,3,3791.3901360274317,3510.5464222476216,4,631.1708173751831,True,4593.753956020585,4176.139960018713,5,True
LR2_2_7,200,3283.88,3098.0,3,2909.941898922767,2694.39064715071,4,1223.8604221343994,True,3067.6824244959666,2840.446689348117,4,True
LR2_2_8,200,2546.96,2449.0,2,2295.7270040427848,2125.673151891467,4,1357.1082246303558,True,2603.525475455862,2410.671736533205,4,True
LR2_2_9,200,4157.320000000001,3922.0,3,3495.2123131265903,3236.3076973394354,4,564.3370714187622,True,4309.150404126407,3917.409458296733,5,True
LR2_2_10,200,3450.3,3255.0,3,3126.357350984987,2894.775324986099,4,846.4633932113647,True,4260.986179264579,3873.623799331435,5,True
LRC1_2_1,200,4976.28,3606.0,19,5225.542524800805,3786.625017971598,19,47.458553075790405,True,5490.369436460074,3921.692454614339,20,True
LRC1_2_2,200,4772.3,3671.0,15,4607.470957354423,3387.8462921723703,18,187.72395873069763,True,4722.409558785765,3422.035912163598,19,True
LRC1_2_3,200,3975.3,3155.0,13,4497.017668897066,3355.9833349978103,17,184.34110045433044,True,4660.886729761378,3478.273678926401,17,True
LRC1_2_4,200,3158.4,2632.0,10,3620.169726628916,2828.2575989288407,14,58.2769091129303,True,3518.0734057598434,2837.1559723869705,12,True
LRC1_2_5,200,4905.12,3716.0,16,5370.781825712554,3949.104283612172,18,168.77905440330505,True,6265.977181404593,4412.659986904643,21,True
LRC1_2_6,200,4715.04,3572.0,16,4816.8742362212315,3541.819291339141,18,219.88556003570557,True,4754.518854363562,3548.1483987787774,17,True
LRC1_2_7,200,4692.4800000000005,3666.0,14,4755.9808821854485,3549.239464317499,17,150.83785438537598,True,4982.6358818647495,3718.3849864662307,17,True
LRC1_2_8,200,3963.96,3146.0,13,4294.050737112331,3253.0687402366143,16,155.24645853042603,True,4486.4838384683735,3451.141414206441,15,True
LRC1_2_9,200,3977.82,3157.0,13,4324.370688104614,3276.038400079253,16,48.73796820640564,True,34884.26713720829,3421.8592961613235,16,False
LRC1_2_10,200,3631.96,2929.0,12,3858.7195175054803,3014.6246230511565,14,190.1855685710907,True,3889.480548477437,3038.6566784979977,14,True
LRC2_2_1,200,4026.4000000000005,3595.0,6,3430.869295634503,3009.534469854827,7,520.2806293964386,True,3552.046718738185,3062.109240291539,8,True
LRC2_2_2,200,3473.8,3158.0,5,3214.2093092226687,2819.481850195323,7,441.4164927005768,True,3662.1605701550025,3212.4215527675456,7,True
LRC2_2_3,200,3112.5600000000004,2882.0,4,3080.5174515814333,2750.462010340565,6,472.7018976211548,True,3558.6585226892776,3177.3736809725688,6,True
LRC2_2_4,200,3005.1000000000004,2835.0,3,2809.082417826705,2553.711288933368,5,400.3424530029297,True,2981.070922784338,2710.064475258489,5,True
LRC2_2_5,200,3054.7000000000003,2777.0,5,3222.564725681697,2929.6042960742698,5,295.88433289527893,True,3459.4503326988806,3088.7949399097147,6,True
LRC2_2_6,200,2978.8,2708.0,5,2985.351240271131,2713.955672973755,5,1075.9184012413025,True,3553.972881173443,3173.190072476288,6,True
LRC2_2_7,200,3251.88,3011.0,4,2974.6828358145344,2704.2571234677584,5,393.57314944267273,True,3207.3020595290022,2915.7291450263656,5,True
LRC2_2_8,200,2592.0,2400.0,4,2736.916613010948,2534.182049084211,4,585.113018989563,True,2810.0310453216803,2554.5736775651635,5,True
LRC2_2_9,200,2384.6400000000003,2208.0,4,2492.2661355136634,2307.6538291793177,4,545.7554271221161,True,2795.0228230854227,2540.929839168566,5,True
LRC2_2_10,200,2584.28,2438.0,3,2300.040035189779,2129.666699249795,4,1057.3354856967926,True,2729.9471138848908,2481.7701035317186,5,True
bar-n200-1,200,2962.3714285714286,1819.0,22,3361.714285714286,1961.0,25,157.56938076019287,True,3452.6,1981.0,26,True
bar-n200-2,200,3660.5333333333333,2072.0,23,4147.0,2262.0,25,203.57917094230652,True,4326.933333333333,2318.0,26,True
bar-n200-3,200,1915.2222222222224,1567.0,8,2136.4444444444443,1672.0,10,250.88974404335022,True,2218.138888888889,1699.0,11,True
bar-n200-4,200,1180.9032258064517,832.0,13,1329.6774193548388,916.0,14,179.5597221851349,True,1381.9354838709678,952.0,14,True
bar-n200-5,200,965.8235294117646,842.0,5,1051.8529411764705,917.0,5,294.28922629356384,True,1182.3529411764707,1005.0,6,True
bar-n200-6,200,1071.6363636363635,842.0,9,1206.6060606060605,926.0,10,105.65968585014343,True,1215.7272727272727,933.0,10,True
bar-n200-7,200,2448.5142857142855,1863.0,11,2577.3999999999996,1841.0,14,189.57944774627686,True,2710.0,1897.0,15,True
ber-n200-1,200,6394.0,3197.0,27,35498.0,3044.0,27,209.8986747264862,False,,,,False
ber-n200-2,200,4519.2,3228.0,12,5073.200000000001,3459.0,14,143.85464096069336,True,5530.733333333333,3607.0,16,True
ber-n200-3,200,1160.0,899.0,9,1290.3225806451612,1000.0,9,258.1663417816162,True,1354.8387096774195,1000.0,11,True
ber-n200-4,200,1244.787878787879,1081.0,5,1341.3636363636365,1135.0,6,239.04349541664124,True,1361.2121212121212,1123.0,7,True
ber-n200-5,200,7379.096774193549,3944.0,27,8366.838709677419,4252.0,30,63.356679916381836,True,,,,False
ber-n200-6,200,3791.542857142857,3016.0,9,4236.428571428571,3295.0,10,111.37072420120239,True,4451.571428571429,3315.0,12,True
nyc-n200-1,200,1166.375,903.0,7,1391.5,1012.0,9,114.29367089271545,True,1552.375,1129.0,9,True
nyc-n200-2,200,1483.9565217391305,1101.0,8,1742.8695652173913,1179.0,11,139.29298424720764,True,1788.695652173913,1210.0,11,True
nyc-n200-3,200,1291.8181818181818,980.0,7,1472.5,1045.0,9,163.08214116096497,True,1605.8181818181818,1104.0,10,True
nyc-n200-4,200,1189.0,1025.0,4,1336.32,1152.0,4,397.21048164367676,True,1392.0,1160.0,5,True
nyc-n200-5,200,1427.0416666666665,1181.0,5,1596.25,1277.0,6,358.813321352005,True,1640.0,1312.0,6,True
poa-n200-1,200,4263.878787878788,2426.0,25,4715.484848484849,2551.0,28,199.06649947166443,True,4913.030303030303,2615.0,29,True
poa-n200-2,200,3200.891891891892,2417.0,12,3678.891891891892,2669.0,14,194.70232391357422,True,3848.0,2738.0,15,True
poa-n200-3,200,2907.0000000000005,1836.0,21,3259.75,1989.0,23,139.2260935306549,True,3356.6666666666665,2014.0,24,True
poa-n200-4,200,1526.4375,1163.0,10,1754.9375,1306.0,11,59.08955144882202,True,1750.375,1273.0,12,True
poa-n200-5,200,3374.5454545454545,2320.0,15,3903.030303030303,2576.0,17,48.64992904663086,True,4236.090909090909,2741.0,18,True
poa-n200-6,200,5549.885714285714,3133.0,27,6130.457142857143,3251.0,31,181.17054796218872,True,6273.4857142857145,3229.0,33,True
poa-n200-7,200,3300.0,2550.0,10,3790.9411764705883,2802.0,12,208.4027078151703,True,3925.8823529411766,2840.0,13,True
LC1_4_1,400,10012.8,7152.0,40,10755.939495752136,7574.605278698688,42,190.0675585269928,True,10012.879213938442,7152.0565813846015,40,True
LC1_4_2,400,11051.039999999999,8008.0,38,11053.879543647095,7784.422213835984,42,87.3211510181427,True,10382.318828852412,7415.942020608866,40,True
LC1_4_3,400,11454.960000000001,8678.0,32,11281.469475444814,8116.165090248067,39,244.22638058662415,True,10472.183242752059,7643.9293742715745,37,True
LC1_4_4,400,,,,10528.533014124592,7857.114189645218,34,172.51277017593384,True,9416.75747822074,7027.430953896074,34,True
LC1_4_5,400,10010.0,7150.0,40,10578.690612088147,7449.782121188836,42,187.88551115989685,True,10009.994696524853,7149.996211803466,40,True
LC1_4_6,400,10015.599999999999,7154.0,40,11238.600142930956,7859.160939112558,43,246.69655632972717,True,10015.622308973625,7154.015934981161,40,True
LC1_4_7,400,10008.599999999999,7149.0,40,10658.167839171409,7558.984283100291,41,172.729327917099,True,10009.208275555862,7149.434482539902,40,True
LC1_4_8,400,11460.9,8305.0,38,11874.391463693724,8362.247509643468,42,232.00979828834534,True,11550.523412295188,8134.171417109287,42,True
LC1_4_9,400,10133.359999999999,7451.0,36,12305.102602514016,8789.359001795727,40,226.07047390937805,True,12375.15414379825,8776.705066523582,41,True
LC1_4_10,400,10519.0,7850.0,34,12316.803103360406,8797.71650240029,40,191.01036071777344,True,11753.900372943244,8456.043433772118,39,True
LC2_4_1,400,4609.92,4116.0,12,4610.288605538416,4116.329112087871,12,408.6863980293274,True,4610.288605538416,4116.329112087871,12,True
LC2_4_2,400,4641.280000000001,4144.0,12,5031.598249554607,4413.6826750479,14,655.857901096344,True,5229.722440432439,4547.584730810817,15,True
LC2_4_3,400,4929.120000000001,4401.0,12,5313.46296916173,4660.932429089236,14,550.0305919647217,True,5942.6742636024,5122.995054829656,16,True
LC2_4_4,400,,,,6055.709950365659,5312.026272250578,14,276.7293086051941,True,6344.619443116031,5565.455651856167,14,True
LC2_4_5,400,4514.72,4031.0,12,5054.566818124329,4473.067980641,13,551.7053301334381,True,5570.690780217305,4844.078939319395,15,True
LC2_4_6,400,4368.0,3900.0,12,5334.7526229742525,4679.607564012502,14,522.3106198310852,True,5594.832495243555,4865.071734994396,15,True
LC2_4_7,400,4438.56,3963.0,12,5108.337444113846,4520.652605410483,13,211.38659930229187,True,5225.806492171153,4584.040782606274,14,True
LC2_4_8,400,4305.280000000001,3844.0,12,4790.526057751268,4239.403590930327,13,473.9766457080841,True,5361.4895166786755,4703.060979542697,14,True
LC2_4_9,400,4691.68,4189.0,12,5877.024771198045,5155.284887015828,14,523.2598104476929,True,5773.869382877983,5020.75598511129,15,True
LC2_4_10,400,4287.360000000001,3828.0,12,5101.235971525254,4514.368116394031,13,296.81851959228516,True,5185.876747868518,4549.014691112734,14,True
LR1_4_1,400,14895.999999999998,10640.0,40,17282.75615688881,11837.50421704713,46,177.30398988723755,True,16789.11180533568,11823.318172771607,42,True
LR1_4_2,400,14313.0,11010.0,30,14348.89546522222,10473.646324979722,37,162.1743836402893,True,14140.971908888992,10321.877305758388,37,True
LR1_4_3,400,11278.9,9245.0,22,11676.278924968985,8913.190019060294,31,161.84116506576538,True,11514.439193683505,8857.26091821808,30,True
LR1_4_4,400,8059.2,7008.0,15,9075.263472070863,7438.7405508777565,22,47.375977993011475,True,8690.522035115335,7123.378717307652,22,True
LR1_4_5,400,14558.720000000001,11374.0,28,14116.735950508615,10456.841444821195,35,265.0726058483124,True,14837.271882844032,10909.758737385318,36,True
LR1_4_6,400,13940.82,11334.0,23,13384.42634805486,10139.71693034459,32,224.82816672325134,True,12498.923442504083,9468.881395836426,32,True
LR1_4_7,400,10236.5,8675.0,18,10580.064092514696,8330.759127964327,27,130.92807865142822,True,10603.092964292511,8415.153146263898,26,True
LR1_4_8,400,6966.449999999999,6165.0,13,7988.914378317464,6657.428648597887,20,138.91940259933472,True,8228.408764623315,6857.007303852763,20,True
LR1_4_9,400,12225.16,9859.0,24,13515.259767015008,10238.83315682955,32,238.56532096862793,True,13292.610578107378,10147.030975654487,31,True
LR1_4_10,400,9831.6,8193.0,20,10756.013656355359,8469.302091618392,27,156.2559313774109,True,10934.852125818383,8610.119784108963,27,True
LR2_4_1,400,10505.16,9727.0,8,11717.68054791936,10462.214774928,12,2403.753058195114,True,13289.285448542658,11865.4334361988,12,True
LR2_4_2,400,10063.35,9405.0,7,9800.361091647197,8909.419174224724,10,2345.9639308452606,True,10158.705134471064,9235.186485882785,10,True
LR2_4_3,400,10685.85,10177.0,5,7472.578322759681,6919.05400255526,8,2100.2514531612396,True,8913.09187329336,8102.810793903054,10,True
LR2_4_4,400,6450.08,6202.0,4,6436.795418356606,6015.696652669725,7,507.155081987381,True,7912.609466508716,7394.9621182324445,7,True
LR2_4_5,400,10487.640000000001,9894.0,6,9009.111049286408,8341.769490080007,8,3683.9698235988617,True,78580.87532242548,9495.492047143363,10,False
LR2_4_6,400,9394.35,8947.0,5,8118.590858349569,7448.248493898687,9,1553.7946450710297,True,10040.725155940674,9211.674454991444,9,True
LR2_4_7,400,8312.720000000001,7993.0,4,6539.57833448118,6055.165124519611,8,1801.0297384262085,True,8328.500794363808,7783.645602209167,7,True
LR2_4_8,400,5470.400000000001,5260.0,4,6224.610694114965,5817.39317207006,7,718.9281640052795,True,6429.371168111074,6065.444498217995,6,True
LR2_4_9,400,8401.560000000001,7926.0,6,8403.393541764703,7780.919946078428,8,2493.656576156616,True,10113.418625614519,9278.365711572953,9,True
LR2_4_10,400,7976.85,7597.0,5,7612.8296529353065,7048.916345310468,8,2053.501041173935,True,9278.19652844301,8434.724116766372,10,True
LRC1_4_1,400,12409.999999999998,9125.0,36,13510.690008524329,9650.492863231664,40,69.2619960308075,True,13665.444563623498,9761.031831159642,40,True
LRC1_4_2,400,10933.26,8346.0,31,12111.55196032983,8713.346734050238,39,301.30244398117065,True,11814.197232662367,8623.501629680559,37,True
LRC1_4_3,400,9678.2,7805.0,24,10953.443648696344,8298.063370224503,32,94.30938339233398,True,10100.52524955535,7829.864534539031,29,True
LRC1_4_4,400,6905.57,5803.0,19,8579.882600573743,6975.514309409547,23,250.70036005973816,True,7720.387062908152,6328.18611713783,22,True
LRC1_4_5,400,11678.04,8847.0,32,13820.671500795039,9801.894681414922,41,279.26668214797974,True,12749.774398824118,9306.404670674538,37,True
LRC1_4_6,400,10912.2,8394.0,30,12128.217070444065,8917.806669444166,36,289.56740641593933,True,12180.49548849122,8890.872619336656,37,True
LRC1_4_7,400,10288.64,8038.0,28,11812.452759375066,8815.263253264975,34,208.34082865715027,True,11615.653482295982,8604.18776466369,35,True
LRC1_4_8,400,9991.8,7930.0,26,11677.134087990791,8649.728954067252,35,293.4648115634918,True,11098.393688146001,8344.656908380452,33,True
LRC1_4_9,400,10005.0,8004.0,25,11766.61714690055,8847.08056157936,33,172.50282621383667,True,10993.049155456529,8456.191658043483,30,True
LRC1_4_10,400,8688.72,7064.0,23,10469.020309747257,8053.092545959428,30,62.48160219192505,True,9808.322796915856,7662.752185090512,28,True
LRC2_4_1,400,10810.29,9739.0,11,7871.994836750022,6905.258628728088,14,1164.4076960086823,True,8469.721640262595,7364.975339358778,15,True
LRC2_4_2,400,7876.000000000001,7160.0,10,8057.462065947273,7067.949180655502,14,647.7396936416626,True,8493.328929593546,7385.503417037867,15,True
LRC2_4_3,400,6940.080000000001,6426.0,8,7222.534352469791,6391.623320769727,13,1404.865401506424,True,8006.979146841974,7213.494726884661,11,True
LRC2_4_4,400,5500.95,5239.0,5,5183.579822203889,4755.577818535678,9,835.9510977268219,True,6697.467078615521,6201.358406125482,8,True
LRC2_4_5,400,8041.000000000001,7310.0,10,8090.394056232288,7096.836891431831,14,728.4993197917938,True,9141.316657746484,7948.971006736073,15,True
LRC2_4_6,400,6907.330000000001,6337.0,9,7669.312137126076,6787.001891262014,13,785.913889169693,True,8145.118043896186,7208.069065394855,13,True
LRC2_4_7,400,6795.360000000001,6292.0,8,7310.019245644596,6645.472041495086,10,1398.2796909809113,True,8621.257720959537,7697.5515365710135,12,True
LRC2_4_8,400,6171.76,5768.0,7,6407.776683627854,5878.694205163169,9,2007.9603433609009,True,7443.230464224753,6705.61303083311,11,True
LRC2_4_9,400,6649.38,6273.0,6,5650.584483284526,5232.022669707894,8,2207.5685975551605,True,7352.853348551883,6684.412135047166,10,True
LRC2_4_10,400,5719.76,5396.0,6,5401.104116255069,5001.022329865805,8,864.9390802383423,True,7213.129195380826,6617.5497205328675,9,True
bar-n400-1,400,4502.898550724638,3107.0,31,5338.260869565218,3508.0,36,181.97732281684875,True,5344.347826086957,3512.0,36,True
bar-n400-2,400,3961.21875,2726.0,29,4833.0,3222.0,32,242.59757137298584,True,4806.046875,3171.0,33,True
bar-n400-3,400,2963.3888888888887,2602.0,10,3319.722222222222,2812.0,13,681.4650509357452,True,3368.125,2853.0,13,True
bar-n400-4,400,2165.554054054054,1761.0,17,2491.0,1961.0,20,151.68899393081665,True,2484.6486486486483,1956.0,20,True
bar-n400-5,400,5310.557142857143,3349.0,41,6214.928571428572,3783.0,45,235.17564034461975,True,6262.342857142857,3779.0,46,True
bar-n400-6,400,3860.0625,2941.0,20,4615.484375,3319.0,25,240.94730758666992,True,4437.0,3264.0,23,True
bar-n400-7,400,3484.8333333333335,2987.0,11,3921.1363636363635,3195.0,15,213.1073453426361,True,4018.090909090909,3274.0,15,True
ber-n400-1,400,8310.159420289854,5567.0,34,10094.492753623188,6332.0,41,264.22314643859863,True,10037.101449275362,6296.0,41,True
ber-n400-2,400,8515.7,5494.0,33,10844.033333333333,6442.0,41,191.04506731033325,True,10308.333333333332,6185.0,40,True
ber-n400-3,400,5599.157142857143,3531.0,41,6530.799999999999,3941.0,46,182.9835090637207,True,6403.2,3864.0,46,True
ber-n400-4,400,2805.942857142857,2232.0,18,3168.7428571428572,2411.0,22,133.38492250442505,True,3151.657142857143,2398.0,22,True
ber-n400-5,400,7921.6567164179105,5707.0,26,9587.910447761195,6555.0,31,84.11425518989563,True,9517.701492537313,6507.0,31,True
ber-n400-6,400,7945.352112676057,6268.0,19,9283.239436619719,6938.0,24,322.5046248435974,True,8909.070422535211,6589.0,25,True
ber-n400-7,400,8490.5625,6469.0,20,9867.875,7096.0,25,132.87830018997192,True,9651.09375,6863.0,26,True
nyc-n400-1,400,2416.595744680851,1893.0,13,2978.936170212766,2154.0,18,243.78387188911438,True,2944.3617021276596,2129.0,18,True
nyc-n400-2,400,2517.428571428571,1958.0,14,2928.8571428571427,2142.0,18,274.28117513656616,True,2927.4897959183672,2141.0,18,True
nyc-n400-3,400,2025.2830188679245,1789.0,7,2373.2452830188677,2062.0,8,1453.173439502716,True,2406.301886792453,2057.0,9,True
nyc-n400-4,400,2236.3695652173915,1941.0,7,2569.4565217391305,2149.0,9,785.5374102592468,True,2589.652173913043,2206.0,8,True
nyc-n400-5,400,2169.5434782608695,1883.0,7,2525.086956521739,2151.0,8,1497.3709490299225,True,2573.0434782608695,2152.0,9,True
poa-n400-1,400,6264.246153846154,4627.0,23,7360.923076923077,5090.0,29,227.2553231716156,True,7466.492307692308,5163.0,29,True
poa-n400-2,400,4891.857142857143,3113.0,40,5603.914285714286,3441.0,44,178.52807664871216,True,5581.114285714286,3427.0,44,True
poa-n400-3,400,4593.870967741936,2820.0,39,5297.290322580645,3158.0,42,176.90780878067017,True,5265.241935483871,3109.0,43,True
poa-n400-4,400,2717.6338028169016,2168.0,18,2966.830985915493,2265.0,22,291.2808451652527,True,2978.6197183098593,2274.0,22,True
poa-n400-5,400,2758.787878787879,2276.0,14,3157.7727272727275,2511.0,17,309.61311411857605,True,3151.4848484848485,2506.0,17,True
poa-n400-6,400,8833.876923076923,5417.0,41,10603.815384615385,6154.0,47,161.09412145614624,True,10261.523076923078,6009.0,46,True
